est_ppl_musco_sys_dise_2011_12_sr, est_ppl_resp_sys_dise_2011_12_sr, est_ppl_18yrs_plus_diab_mellitus_2011_12_rrmse, est_ppl_18yrs_plus_hi_blood_cholesterol_2011_12_sr_up_95pc_ci, est_ppl_arthritis_2011_12_sr, est_ppl_resp_sys_dise_2011_12_sr_up_95pc_ci, est_ppl_musco_sys_dise_2011_12_rrmse, est_ppl_18yrs_plus_diab_mellitus_2011_12_asr_100_up_95pc_ci, est_ppl_18yrs_plus_diab_mellitus_2011_12_sr_up_95pc_ci, est_ppl_arthritis_2011_12_num, est_ppl_18yrs_plus_hi_blood_cholesterol_2011_12_asr_100, est_ppl_18yrs_plus_diab_mellitus_2011_12_sr, est_ppl_2yrs_plus_circ_sys_dise_2011_12_sr, est_ppl_musco_sys_dise_2011_12_asr_100_lo_95pc_ci, est_ppl_obs_pulm_dise_2011_12_sr, est_ppl_musco_sys_dise_2011_12_asr_100, est_m_mental_behvr_prob_2011_12_asr_100_lo_95pc_ci, est_ppl_18yrs_plus_hi_blood_cholesterol_2011_12_num, est_ppl_mental_behvr_prob_2011_12_sr, est_ppl_mental_behvr_prob_2011_12_asr_100_lo_95pc_ci, est_ppl_obs_pulm_dise_2011_12_num, est_ppl_obs_pulm_dise_2011_12_asr_100_up_95pc_ci, est_ppl_mental_behvr_prob_2011_12_sr_up_95pc_ci, phn_code, est_ppl_mental_behvr_prob_2011_12_asr_100_up_95pc_ci, est_ppl_asthma_2011_12_num, est_ppl_arthritis_2011_12_asr_100, est_ppl_musco_sys_dise_2011_12_asr_100_up_95pc_ci, est_ppl_2yrs_plus_circ_sys_dise_2011_12_asr_100, phn_name, first_ste1, est_ppl_18yrs_plus_diab_mellitus_2011_12_asr_100, est_ppl_mental_behvr_prob_2011_12_rrmse, est_f_mental_behvr_prob_2011_12_rrmse, est_f_mental_behvr_prob_2011_12_asr_100_up_95pc_ci, est_ppl_18yrs_plus_hi_blood_cholesterol_2011_12_rrmse, est_ppl_18yrs_plus_hi_blood_cholesterol_2011_12_sr, est_ppl_resp_sys_dise_2011_12_sr_lo_95pc_ci, est_m_mental_behvr_prob_2011_12_sr_lo_95pc_ci, est_ppl_arthritis_2011_12_sr_up_95pc_ci, est_ppl_obs_pulm_dise_2011_12_asr_100_lo_95pc_ci, est_ppl_mental_behvr_prob_2011_12_asr_100, est_ppl_18yrs_plus_diab_mellitus_2011_12_num, est_ppl_2yrs_plus_circ_sys_dise_2011_12_asr_100_up_95pc_ci, est_m_mental_behvr_prob_2011_12_sr_up_95pc_ci, est_m_mental_behvr_prob_2011_12_asr_100_up_95pc_ci, est_ppl_2yrs_plus_circ_sys_dise_2011_12_sr_lo_95pc_ci, est_ppl_resp_sys_dise_2011_12_num, est_ppl_obs_pulm_dise_2011_12_sr_up_95pc_ci, est_ppl_obs_pulm_dise_2011_12_rrmse, est_ppl_arthritis_2011_12_sr_lo_95pc_ci, est_ppl_resp_sys_dise_2011_12_asr_100_up_95pc_ci, est_ppl_mental_behvr_prob_2011_12_sr_lo_95pc_ci, est_ppl_arthritis_2011_12_asr_100_up_95pc_ci, est_ppl_18y_pls_hi_blood_cholesterol_2011_12_asr_100_lo_95pc_ci, est_ppl_resp_sys_dise_2011_12_asr_100, est_ppl_musco_sys_dise_2011_12_sr_lo_95pc_ci, est_ppl_18yrs_plus_diab_mellitus_2011_12_sr_lo_95pc_ci, est_ppl_18y_pls_hi_blood_cholesterol_2011_12_asr_100_up_95pc_ci, est_ppl_asthma_2011_12_asr_100_up_95pc_ci, est_ppl_musco_sys_dise_2011_12_num, est_ppl_asthma_2011_12_asr_100, est_ppl_2yrs_plus_circ_sys_dise_2011_12_sr_up_95pc_ci, est_f_mental_behvr_prob_2011_12_num, est_ppl_asthma_2011_12_sr_lo_95pc_ci, est_ppl_2yrs_plus_circ_sys_dise_2011_12_rrmse, est_ppl_obs_pulm_dise_2011_12_asr_100, est_ppl_obs_pulm_dise_2011_12_sr_lo_95pc_ci, est_ppl_asthma_2011_12_sr, est_f_mental_behvr_prob_2011_12_sr_lo_95pc_ci, est_ppl_asthma_2011_12_sr_up_95pc_ci, est_m_mental_behvr_prob_2011_12_num, est_ppl_mental_behvr_prob_2011_12_num, est_ppl_18yrs_plus_diab_mellitus_2011_12_asr_100_lo_95pc_ci, est_ppl_arthritis_2011_12_rrmse, est_ppl_asthma_2011_12_rrmse, est_ppl_resp_sys_dise_2011_12_rrmse, est_f_mental_behvr_prob_2011_12_sr_up_95pc_ci, est_ppl_musco_sys_dise_2011_12_sr_up_95pc_ci, est_f_mental_behvr_prob_2011_12_asr_100_lo_95pc_ci, est_f_mental_behvr_prob_2011_12_sr, est_m_mental_behvr_prob_2011_12_asr_100, est_ppl_2yrs_plus_circ_sys_dise_2011_12_num, est_m_mental_behvr_prob_2011_12_rrmse, est_ppl_2yrs_plus_circ_sys_dise_2011_12_asr_100_lo_95pc_ci, est_ppl_resp_sys_dise_2011_12_asr_100_lo_95pc_ci, est_m_mental_behvr_prob_2011_12_sr, est_ppl_18yrs_plus_hi_blood_cholesterol_2011_12_sr_lo_95pc_ci, est_ppl_asthma_2011_12_asr_100_lo_95pc_ci, est_f_mental_behvr_prob_2011_12_asr_100, est_ppl_arthritis_2011_12_asr_100_lo_95pc_ci
99,91,null,98,101,94,null,9.1,168,119557,31.3,156,105,26.4,107,27.4,9.3,202496,92,12.0,21026,2.8,95,"PHN105",12.9,76946,14.9,28.4,18.2,"South Western Sydney","New South Wales",8.4,null,null,15.7,null,95,87,77,104,2.4,12.4,51752,18.8,86,10.4,102,226313,115,null,98,26.9,89,15.4,30.5,26.0,96,144,32.1,9.1,225744,8.8,109,65082,82,null,2.6,98,86,95,89,42663,107745,7.8,null,null,null,104,103,14.3,99,9.9,141958,null,17.6,25.0,82,93,8.4,15.0,14.5
108,101,null,100,110,104,null,6.0,112,107305,32.2,104,106,29.0,119,29.9,11.7,147622,101,13.2,18063,3.1,104,"PHN106",14.1,63241,16.3,30.9,18.3,"South Eastern NSW","New South Wales",5.6,null,null,15.7,null,98,98,97,113,2.6,13.7,28704,18.8,107,12.9,103,167221,128,null,107,29.9,98,16.7,31.4,29.0,105,97,33.0,11.4,186239,11.0,109,43801,103,null,2.9,110,107,96,111,35632,79433,5.2,null,null,null,104,112,14.4,100,12.3,116897,null,17.8,28.1,102,96,10.6,15.1,15.8
109,108,null,105,113,113,null,5.5,102,52766,33.3,93,107,28.7,123,30.1,12.1,74141,103,13.4,9124,3.3,108,"PHN107",14.6,35474,16.7,31.5,18.6,"Western NSW","New South Wales",5.0,null,null,16.0,null,101,103,100,117,2.6,14.0,12276,19.3,115,13.8,103,89403,136,null,109,32.4,99,17.3,32.2,31.0,104,84,34.4,12.8,90791,12.2,112,21565,113,null,2.9,111,119,94,126,18811,40376,4.5,null,null,null,106,114,14.2,100,13.0,57011,null,17.8,29.6,108,98,11.5,15.1,16.1
109,107,null,107,111,113,null,5.3,99,42641,33.9,90,106,28.8,118,30.2,11.7,60716,100,12.9,7078,3.1,105,"PHN110",14.2,27747,16.4,31.7,18.4,"Murrumbidgee","New South Wales",4.8,null,null,15.3,null,103,102,97,116,2.5,13.5,9683,19.2,113,13.6,102,71018,131,null,107,32.3,95,17.1,32.7,30.8,104,80,35.1,12.6,73975,11.9,111,16471,110,null,2.8,105,117,90,123,14723,31194,4.3,null,null,null,102,115,13.5,96,12.6,46290,null,17.6,29.3,105,100,11.3,14.4,15.8
95,96,null,101,94,98,null,6.9,128,172486,32.5,120,98,25.5,76,26.2,9.1,353186,90,12.0,23759,1.9,93,"PHN201",12.6,138496,13.9,26.9,16.9,"North Western Melbourne","Victoria",6.5,null,null,15.4,null,99,94,76,96,1.7,12.3,61498,17.3,82,9.9,95,398407,81,null,92,28.0,88,14.2,32.0,27.4,92,112,33.1,9.8,351054,9.6,100,108953,91,null,1.8,70,94,97,96,67749,176701,6.0,null,null,null,102,97,14.5,99,9.5,206401,null,16.5,26.8,79,97,9.3,15.0,13.6
93,106,null,104,89,108,null,4.6,85,187360,33.5,79,92,25.0,72,25.7,10.4,362320,89,11.8,24269,1.9,92,"PHN202",12.4,144177,13.2,26.5,15.9,"Eastern Melbourne","Victoria",4.2,null,null,13.7,null,102,103,87,91,1.6,12.1,46605,16.3,95,11.4,90,422554,77,null,87,31.0,87,13.5,32.8,30.3,90,73,34.1,10.6,363702,10.4,94,94423,99,null,1.7,66,102,85,104,75144,169567,3.9,null,null,null,91,96,12.8,88,10.9,220663,null,15.5,29.6,91,100,10.1,13.3,12.8
95,103,null,104,91,106,null,4.9,91,178388,33.4,85,96,25.5,75,26.2,10.3,348440,92,12.2,24078,1.9,95,"PHN203",12.9,137910,13.4,27.0,16.5,"South Eastern Melbourne","Victoria",4.6,null,null,14.7,null,102,101,85,93,1.7,12.5,46761,17.0,93,11.2,93,400755,81,null,89,30.3,90,13.7,32.7,29.6,92,79,34.0,10.5,353068,10.2,98,97692,97,null,1.8,70,100,92,103,71796,169488,4.2,null,null,null,98,98,13.8,95,10.7,215103,null,16.1,28.9,89,100,9.9,14.3,13.1
102,105,null,108,106,110,null,4.4,82,48708,34.2,72,100,26.7,89,28.2,11.0,71689,107,13.8,6276,2.5,113,"PHN204",15.3,35123,15.7,29.8,17.2,"Gippsland","Victoria",3.9,null,null,18.1,null,104,100,92,111,1.8,14.5,9324,18.0,109,13.1,95,78537,103,null,101,31.6,101,16.4,32.9,30.2,96,61,35.5,14.2,81258,13.5,104,22319,125,null,2.1,75,132,105,139,15751,38070,3.3,null,null,null,120,108,15.9,113,12.1,51605,null,16.4,28.8,100,100,12.8,17.0,15.0
102,113,null,106,104,116,null,4.3,80,98881,33.9,74,100,27.4,91,28.4,11.4,151397,103,13.5,13544,2.4,106,"PHN205",14.4,77534,15.4,29.3,17.2,"Murray","Victoria",4.0,null,null,16.6,null,103,109,95,107,2.0,14.0,19792,17.7,106,12.7,97,182951,100,null,101,33.2,100,15.8,33.1,32.3,99,68,34.7,14.1,171898,13.6,103,45145,129,null,2.2,83,134,101,138,34436,79582,3.6,null,null,null,110,106,15.2,106,12.1,107225,null,16.7,31.3,100,101,13.2,15.9,15.0
102,112,null,107,104,115,null,4.3,80,100841,34.2,73,98,27.3,87,28.2,11.3,157924,102,13.3,13191,2.3,105,"PHN206",14.2,77767,15.3,29.2,17.0,"Western Victoria","Victoria",4.0,null,null,16.2,null,104,108,94,107,1.9,13.8,20058,17.5,104,12.6,95,187370,95,null,101,32.9,98,15.7,33.4,32.0,99,67,35.0,13.7,176470,13.3,101,45961,126,null,2.1,79,130,99,134,35074,81034,3.6,null,null,null,108,106,14.9,103,11.9,108425,null,16.5,31.1,99,102,12.8,15.6,14.9
104,109,null,111,110,112,null,6.3,116,86431,35.6,110,101,27.9,97,28.8,13.1,131000,111,14.5,11760,2.5,114,"PHN402",15.4,57712,16.3,29.7,17.4,"Country SA","South Australia",5.9,null,null,17.0,null,108,106,109,113,2.1,15.0,24358,17.9,119,14.3,98,143422,105,null,107,32.2,107,16.7,34.8,31.3,101,103,36.4,13.1,143364,12.6,104,37231,119,null,2.3,88,124,104,128,31931,69162,5.6,null,null,null,113,107,15.6,108,13.7,89395,null,17.0,30.5,114,106,12.2,16.3,15.8
106,113,null,102,105,116,null,5.9,109,49448,32.3,99,118,28.2,93,29.3,12.9,87921,114,15.0,7436,2.5,118,"PHN801",16.0,36349,15.5,30.4,20.5,"Australian Capital Territory","Australian Capital Territory",5.4,null,null,18.0,null,98,109,108,108,2.0,15.5,13160,21.1,120,14.5,115,116467,103,null,101,33.3,110,16.0,31.2,32.3,102,90,33.4,10.6,99216,10.1,122,31335,94,null,2.2,83,99,109,104,24434,55769,4.9,null,null,null,119,110,16.5,114,13.7,63884,null,19.8,31.3,114,95,9.6,17.2,14.9
