{"organisation":"TUA_PHIDU","name":"phidu_prevalence_selected_chronic_diseases_phn_2011_12","title":"PHIDU - Prevalence of Chronic Diseases (PHN) 2011-2012","legal":{"copyrightYear":"2018","attributionYear":"2018","attribution":"{datasource.organisationTitle}, ({dataset.attributionYear}): {dataset.title}; accessed from AURIN Portal on {dateOfAccess}.","clickthrough":false,"licenceType":"Creative Commons Attribution-NonCommercial-ShareAlike 3.0 Australia (CC BY-NC-SA 3.0 AU)","copyrightNotice":"&copy; {datasource.organisationTitle} {dataset.copyrightYear}"},"referenceSystemIdentifier":"urn:x-ogc:def:crs:EPSG:4283","geoLevel":"NA","key":"phn_code","keyRegex":null,"availability":"true","geomField":"wkb_geometry","keyword":"health,aggregation,social health atlas,phidu,social,Public Health Information Development Unit","theme":null,"temporalExtent":{"beginDate":"2011-01-01T00:00:00","endDate":"2012-12-31T00:00:00","selectTime":false},"type":"dataset","_id":"dataset-TUA_PHIDU-phidu_prevalence_selected_chronic_diseases_phn_2011_12-NA","bbox":null,"abstract":"This dataset, released October 2014, contains for the time period of 2011-2012 the Estimated population, aged 18 years and over with diabetes mellitus; Estimated population aged 18 years and over with high blood cholesterol; Estimated male population with mental and behavioural problems; Estimated female population with mental and behavioural problems; Estimated population with mental and behavioural problems; Estimated population aged 2 years and over with circulatory system diseases; Estimated population with respiratory system diseases; Estimated population with musculoskeletal system diseases. The data is by Primary Health Network (PHN) 2017 geographic boundaries based on the 2016 Australian Statistical Geography Standard (ASGS).<br/><br/>\n\nThere are 31 PHNs set up by the Australian Government. Each network is controlled by a board of medical professionals and advised by a clinical council and community advisory committee. The boundaries of the PHNs closely align with the Local Hospital Networks where possible.<br/><br/>\n\nFor more information please see the <a href=\"http://phidu.torrens.edu.au/data-archive/sha-aust/2015-onwards/phidu_data_sources_notes_2017.pdf\" target=\"_blank\">data source notes</a> on the data. <br/><br/>\n\nSource: Estimates for Population Health Areas (PHAs) are modelled estimates and were produced by the ABS;\nestimates at the LGA and PHN level were derived from the PHA estimates. <br/><br/>\n\nPlease note:\n\n\n<ul>\n<li>AURIN has spatially enabled the <a href=\"http://phidu.torrens.edu.au/social-health-atlases/data-archive/data-archive-social-health-atlases-of-australia#social-health-atlas-of-australia-data-released-april-june-september-december-2017-by-population-health-area-local-government-area-and-primary-health-network\" target=\"_blank\">original data</a>.</li>\n<li>\"*\" - Indicates statistically significant, at the 95% confidence level.</li>\n<li>\"**\" - Indicates statistically significant, at the 99% confidence level.</li>\n<li>\"~\" - Indicates modelled estimates have Relative Root Mean Square Errors (RRMSEs) from 0.25 to 0.50 and should be used with caution.</li>\n<li>\"~~\" - Indicates modelled estimates have RRMSEs greater than 0.50 but less than 1 and are considered too unreliable for general use.</li>\n<li>'?' - Indicates modelled estimates are considered too unreliable.\n<li>Blank cell - Indicates data was not shown/not applicable/not published/not available for the specific area ('#', '..', '^', 'np, 'n.a.', 'n.y.a.' in original PHIDU data).</li>\n</ul>\n\n\n<br/>Abbreviation Information:\n<ul>\n<li>\"ASR per #\" - Indirectly age-standardised rate per specified population.</li>\n<li>\"SR\" - Indirectly age-standardised ratio.</li>\n<li>\"95% C.I\" - upper and lower 95% confidence intervals.</li>","selectedAttributes":[{"name":"phn_code","type":"String","title":"PHN Code","description":"phn_code","isDimension":false},{"name":"est_f_mental_behvr_prob_2011_12_asr_100","type":"Double","title":"Estimated Number Of Females With Mental And Behavioural Problems (Modelled Estimates) 2011-12 ASR per 100","description":"est_f_mental_behvr_prob_2011_12_asr_100","stype":"ratio","isDimension":false},{"name":"est_f_mental_behvr_prob_2011_12_asr_100_lo_95pc_ci","type":"Double","title":"Estimated Number Of Females With Mental And Behavioural Problems (Modelled Estimates) 2011-12 ASR per 100- lower 95% C.I.","description":"est_f_mental_behvr_prob_2011_12_asr_100_lo_95pc_ci","stype":"ratio","isDimension":false},{"name":"est_f_mental_behvr_prob_2011_12_asr_100_up_95pc_ci","type":"Double","title":"Estimated Number Of Females With Mental And Behavioural Problems (Modelled Estimates) 2011-12 ASR per 100- upper 95% C.I.","description":"est_f_mental_behvr_prob_2011_12_asr_100_up_95pc_ci","stype":"ratio","isDimension":false},{"name":"est_f_mental_behvr_prob_2011_12_num","type":"Integer","title":"Estimated Number Of Females With Mental And Behavioural Problems (Modelled Estimates) 2011-12 Number","description":"est_f_mental_behvr_prob_2011_12_num","stype":"ratio","isDimension":false},{"name":"est_f_mental_behvr_prob_2011_12_rrmse","type":"String","title":"Estimated Number Of Females With Mental And Behavioural Problems (Modelled Estimates) 2011-12 RRMSE","description":"est_f_mental_behvr_prob_2011_12_rrmse","stype":"ratio","isDimension":false},{"name":"est_f_mental_behvr_prob_2011_12_sr","type":"Integer","title":"Estimated Number Of Females With Mental And Behavioural Problems (Modelled Estimates) 2011-12 SR","description":"est_f_mental_behvr_prob_2011_12_sr","stype":"ratio","isDimension":false},{"name":"est_f_mental_behvr_prob_2011_12_sr_lo_95pc_ci","type":"Integer","title":"Estimated Number Of Females With Mental And Behavioural Problems (Modelled Estimates) 2011-12 SR- lower 95% C.I.","description":"est_f_mental_behvr_prob_2011_12_sr_lo_95pc_ci","stype":"ratio","isDimension":false},{"name":"est_f_mental_behvr_prob_2011_12_sr_up_95pc_ci","type":"Integer","title":"Estimated Number Of Females With Mental And Behavioural Problems (Modelled Estimates) 2011-12 SR- upper 95% C.I.","description":"est_f_mental_behvr_prob_2011_12_sr_up_95pc_ci","stype":"ratio","isDimension":false},{"name":"est_m_mental_behvr_prob_2011_12_asr_100","type":"Double","title":"Estimated Number Of Males With Mental And Behavioural Problems (Modelled Estimates) 2011-12 ASR per 100","description":"est_m_mental_behvr_prob_2011_12_asr_100","stype":"ratio","isDimension":false},{"name":"est_m_mental_behvr_prob_2011_12_asr_100_lo_95pc_ci","type":"Double","title":"Estimated Number Of Males With Mental And Behavioural Problems (Modelled Estimates) 2011-12 ASR per 100- lower 95% C.I.","description":"est_m_mental_behvr_prob_2011_12_asr_100_lo_95pc_ci","stype":"ratio","isDimension":false},{"name":"est_m_mental_behvr_prob_2011_12_asr_100_up_95pc_ci","type":"Double","title":"Estimated Number Of Males With Mental And Behavioural Problems (Modelled Estimates) 2011-12 ASR per 100- upper 95% C.I.","description":"est_m_mental_behvr_prob_2011_12_asr_100_up_95pc_ci","stype":"ratio","isDimension":false},{"name":"est_m_mental_behvr_prob_2011_12_num","type":"Integer","title":"Estimated Number Of Males With Mental And Behavioural Problems (Modelled Estimates) 2011-12 Number","description":"est_m_mental_behvr_prob_2011_12_num","stype":"ratio","isDimension":false},{"name":"est_m_mental_behvr_prob_2011_12_rrmse","type":"String","title":"Estimated Number Of Males With Mental And Behavioural Problems (Modelled Estimates) 2011-12 RRMSE","description":"est_m_mental_behvr_prob_2011_12_rrmse","stype":"ratio","isDimension":false},{"name":"est_m_mental_behvr_prob_2011_12_sr","type":"Integer","title":"Estimated Number Of Males With Mental And Behavioural Problems (Modelled Estimates) 2011-12 SR","description":"est_m_mental_behvr_prob_2011_12_sr","stype":"ratio","isDimension":false},{"name":"est_m_mental_behvr_prob_2011_12_sr_lo_95pc_ci","type":"Integer","title":"Estimated Number Of Males With Mental And Behavioural Problems (Modelled Estimates) 2011-12 SR- lower 95% C.I.","description":"est_m_mental_behvr_prob_2011_12_sr_lo_95pc_ci","stype":"ratio","isDimension":false},{"name":"est_m_mental_behvr_prob_2011_12_sr_up_95pc_ci","type":"Integer","title":"Estimated Number Of Males With Mental And Behavioural Problems (Modelled Estimates) 2011-12 SR- upper 95% C.I.","description":"est_m_mental_behvr_prob_2011_12_sr_up_95pc_ci","stype":"ratio","isDimension":false},{"name":"est_ppl_18y_pls_hi_blood_cholesterol_2011_12_asr_100_lo_95pc_ci","type":"Double","title":"Estimated Number Of People Aged 18 Years And Over With High Blood Cholesterol (Modelled Estimates) 2011-12 ASR per 100- lower 95% C.I.","description":"est_ppl_18y_pls_hi_blood_cholesterol_2011_12_asr_100_lo_95pc_ci","stype":"ratio","isDimension":false},{"name":"est_ppl_18y_pls_hi_blood_cholesterol_2011_12_asr_100_up_95pc_ci","type":"Double","title":"Estimated Number Of People Aged 18 Years And Over With High Blood Cholesterol (Modelled Estimates) 2011-12 ASR per 100- upper 95% C.I.","description":"est_ppl_18y_pls_hi_blood_cholesterol_2011_12_asr_100_up_95pc_ci","stype":"ratio","isDimension":false},{"name":"est_ppl_18yrs_plus_diab_mellitus_2011_12_asr_100","type":"Double","title":"Estimated Number Of People Aged 18 Years And Over With Diabetes Mellitus (Modelled Estimates) 2011-12 ASR per 100","description":"est_ppl_18yrs_plus_diab_mellitus_2011_12_asr_100","stype":"ratio","isDimension":false},{"name":"est_ppl_18yrs_plus_diab_mellitus_2011_12_asr_100_lo_95pc_ci","type":"Double","title":"Estimated Number Of People Aged 18 Years And Over With Diabetes Mellitus (Modelled Estimates) 2011-12 ASR per 100- lower 95% C.I.","description":"est_ppl_18yrs_plus_diab_mellitus_2011_12_asr_100_lo_95pc_ci","stype":"ratio","isDimension":false},{"name":"est_ppl_18yrs_plus_diab_mellitus_2011_12_asr_100_up_95pc_ci","type":"Double","title":"Estimated Number Of People Aged 18 Years And Over With Diabetes Mellitus (Modelled Estimates) 2011-12 ASR per 100- upper 95% C.I.","description":"est_ppl_18yrs_plus_diab_mellitus_2011_12_asr_100_up_95pc_ci","stype":"ratio","isDimension":false},{"name":"est_ppl_18yrs_plus_diab_mellitus_2011_12_num","type":"Integer","title":"Estimated Number Of People Aged 18 Years And Over With Diabetes Mellitus (Modelled Estimates) 2011-12 Number","description":"est_ppl_18yrs_plus_diab_mellitus_2011_12_num","stype":"ratio","isDimension":false},{"name":"est_ppl_18yrs_plus_diab_mellitus_2011_12_rrmse","type":"String","title":"Estimated Number Of People Aged 18 Years And Over With Diabetes Mellitus (Modelled Estimates) 2011-12 RRMSE","description":"est_ppl_18yrs_plus_diab_mellitus_2011_12_rrmse","stype":"ratio","isDimension":false},{"name":"est_ppl_18yrs_plus_diab_mellitus_2011_12_sr","type":"Integer","title":"Estimated Number Of People Aged 18 Years And Over With Diabetes Mellitus (Modelled Estimates) 2011-12 SR","description":"est_ppl_18yrs_plus_diab_mellitus_2011_12_sr","stype":"ratio","isDimension":false},{"name":"est_ppl_18yrs_plus_diab_mellitus_2011_12_sr_lo_95pc_ci","type":"Integer","title":"Estimated Number Of People Aged 18 Years And Over With Diabetes Mellitus (Modelled Estimates) 2011-12 SR- lower 95% C.I.","description":"est_ppl_18yrs_plus_diab_mellitus_2011_12_sr_lo_95pc_ci","stype":"ratio","isDimension":false},{"name":"est_ppl_18yrs_plus_diab_mellitus_2011_12_sr_up_95pc_ci","type":"Integer","title":"Estimated Number Of People Aged 18 Years And Over With Diabetes Mellitus (Modelled Estimates) 2011-12 SR- upper 95% C.I.","description":"est_ppl_18yrs_plus_diab_mellitus_2011_12_sr_up_95pc_ci","stype":"ratio","isDimension":false},{"name":"est_ppl_18yrs_plus_hi_blood_cholesterol_2011_12_asr_100","type":"Double","title":"Estimated Number Of People Aged 18 Years And Over With High Blood Cholesterol (Modelled Estimates) 2011-12 ASR per 100","description":"est_ppl_18yrs_plus_hi_blood_cholesterol_2011_12_asr_100","stype":"ratio","isDimension":false},{"name":"est_ppl_18yrs_plus_hi_blood_cholesterol_2011_12_num","type":"Integer","title":"Estimated Number Of People Aged 18 Years And Over With High Blood Cholesterol (Modelled Estimates) 2011-12 Number","description":"est_ppl_18yrs_plus_hi_blood_cholesterol_2011_12_num","stype":"ratio","isDimension":false},{"name":"est_ppl_18yrs_plus_hi_blood_cholesterol_2011_12_rrmse","type":"String","title":"Estimated Number Of People Aged 18 Years And Over With High Blood Cholesterol (Modelled Estimates) 2011-12 RRMSE","description":"est_ppl_18yrs_plus_hi_blood_cholesterol_2011_12_rrmse","stype":"ratio","isDimension":false},{"name":"est_ppl_18yrs_plus_hi_blood_cholesterol_2011_12_sr","type":"Integer","title":"Estimated Number Of People Aged 18 Years And Over With High Blood Cholesterol (Modelled Estimates) 2011-12 SR","description":"est_ppl_18yrs_plus_hi_blood_cholesterol_2011_12_sr","stype":"ratio","isDimension":false},{"name":"est_ppl_18yrs_plus_hi_blood_cholesterol_2011_12_sr_lo_95pc_ci","type":"Integer","title":"Estimated Number Of People Aged 18 Years And Over With High Blood Cholesterol (Modelled Estimates) 2011-12 SR- lower 95% C.I.","description":"est_ppl_18yrs_plus_hi_blood_cholesterol_2011_12_sr_lo_95pc_ci","stype":"ratio","isDimension":false},{"name":"est_ppl_18yrs_plus_hi_blood_cholesterol_2011_12_sr_up_95pc_ci","type":"Integer","title":"Estimated Number Of People Aged 18 Years And Over With High Blood Cholesterol (Modelled Estimates) 2011-12 SR- upper 95% C.I.","description":"est_ppl_18yrs_plus_hi_blood_cholesterol_2011_12_sr_up_95pc_ci","stype":"ratio","isDimension":false},{"name":"est_ppl_2yrs_plus_circ_sys_dise_2011_12_asr_100","type":"Double","title":"Estimated Number Of People Aged 2 Years And Over With Circulatory System Diseases (Modelled Estimates) 2011-12 ASR per 100","description":"est_ppl_2yrs_plus_circ_sys_dise_2011_12_asr_100","stype":"ratio","isDimension":false},{"name":"est_ppl_2yrs_plus_circ_sys_dise_2011_12_asr_100_lo_95pc_ci","type":"Double","title":"Estimated Number Of People Aged 2 Years And Over With Circulatory System Diseases (Modelled Estimates) 2011-12 ASR per 100- lower 95% C.I.","description":"est_ppl_2yrs_plus_circ_sys_dise_2011_12_asr_100_lo_95pc_ci","stype":"ratio","isDimension":false},{"name":"est_ppl_2yrs_plus_circ_sys_dise_2011_12_asr_100_up_95pc_ci","type":"Double","title":"Estimated Number Of People Aged 2 Years And Over With Circulatory System Diseases (Modelled Estimates) 2011-12 ASR per 100- upper 95% C.I.","description":"est_ppl_2yrs_plus_circ_sys_dise_2011_12_asr_100_up_95pc_ci","stype":"ratio","isDimension":false},{"name":"est_ppl_2yrs_plus_circ_sys_dise_2011_12_num","type":"Integer","title":"Estimated Number Of People Aged 2 Years And Over With Circulatory System Diseases (Modelled Estimates) 2011-12 Number","description":"est_ppl_2yrs_plus_circ_sys_dise_2011_12_num","stype":"ratio","isDimension":false},{"name":"est_ppl_2yrs_plus_circ_sys_dise_2011_12_rrmse","type":"String","title":"Estimated Number Of People Aged 2 Years And Over With Circulatory System Diseases (Modelled Estimates) 2011-12 RRMSE","description":"est_ppl_2yrs_plus_circ_sys_dise_2011_12_rrmse","stype":"ratio","isDimension":false},{"name":"est_ppl_2yrs_plus_circ_sys_dise_2011_12_sr","type":"Integer","title":"Estimated Number Of People Aged 2 Years And Over With Circulatory System Diseases (Modelled Estimates) 2011-12 SR","description":"est_ppl_2yrs_plus_circ_sys_dise_2011_12_sr","stype":"ratio","isDimension":false},{"name":"est_ppl_2yrs_plus_circ_sys_dise_2011_12_sr_lo_95pc_ci","type":"Integer","title":"Estimated Number Of People Aged 2 Years And Over With Circulatory System Diseases (Modelled Estimates) 2011-12 SR- lower 95% C.I.","description":"est_ppl_2yrs_plus_circ_sys_dise_2011_12_sr_lo_95pc_ci","stype":"ratio","isDimension":false},{"name":"est_ppl_2yrs_plus_circ_sys_dise_2011_12_sr_up_95pc_ci","type":"Integer","title":"Estimated Number Of People Aged 2 Years And Over With Circulatory System Diseases (Modelled Estimates) 2011-12 SR- upper 95% C.I.","description":"est_ppl_2yrs_plus_circ_sys_dise_2011_12_sr_up_95pc_ci","stype":"ratio","isDimension":false},{"name":"est_ppl_arthritis_2011_12_asr_100","type":"Double","title":"Estimated Number Of People With Arthritis (Modelled Estimates) 2011-12 ASR per 100","description":"est_ppl_arthritis_2011_12_asr_100","stype":"ratio","isDimension":false},{"name":"est_ppl_arthritis_2011_12_asr_100_lo_95pc_ci","type":"Double","title":"Estimated Number Of People With Arthritis (Modelled Estimates) 2011-12 ASR per 100- lower 95% C.I.","description":"est_ppl_arthritis_2011_12_asr_100_lo_95pc_ci","stype":"ratio","isDimension":false},{"name":"est_ppl_arthritis_2011_12_asr_100_up_95pc_ci","type":"Double","title":"Estimated Number Of People With Arthritis (Modelled Estimates) 2011-12 ASR per 100- upper 95% C.I.","description":"est_ppl_arthritis_2011_12_asr_100_up_95pc_ci","stype":"ratio","isDimension":false},{"name":"est_ppl_arthritis_2011_12_num","type":"Integer","title":"Estimated Number Of People With Arthritis (Modelled Estimates) 2011-12 Number","description":"est_ppl_arthritis_2011_12_num","stype":"ratio","isDimension":false},{"name":"est_ppl_arthritis_2011_12_rrmse","type":"String","title":"Estimated Number Of People With Arthritis (Modelled Estimates) 2011-12 RRMSE","description":"est_ppl_arthritis_2011_12_rrmse","stype":"ratio","isDimension":false},{"name":"est_ppl_arthritis_2011_12_sr","type":"Integer","title":"Estimated Number Of People With Arthritis (Modelled Estimates) 2011-12 SR","description":"est_ppl_arthritis_2011_12_sr","stype":"ratio","isDimension":false},{"name":"est_ppl_arthritis_2011_12_sr_lo_95pc_ci","type":"Integer","title":"Estimated Number Of People With Arthritis (Modelled Estimates) 2011-12 SR- lower 95% C.I.","description":"est_ppl_arthritis_2011_12_sr_lo_95pc_ci","stype":"ratio","isDimension":false},{"name":"est_ppl_arthritis_2011_12_sr_up_95pc_ci","type":"Integer","title":"Estimated Number Of People With Arthritis (Modelled Estimates) 2011-12 SR- upper 95% C.I.","description":"est_ppl_arthritis_2011_12_sr_up_95pc_ci","stype":"ratio","isDimension":false},{"name":"est_ppl_asthma_2011_12_asr_100","type":"Double","title":"Estimated Number Of People With Asthma (Modelled Estimates) 2011-12 ASR per 100","description":"est_ppl_asthma_2011_12_asr_100","stype":"ratio","isDimension":false},{"name":"est_ppl_asthma_2011_12_asr_100_lo_95pc_ci","type":"Double","title":"Estimated Number Of People With Asthma (Modelled Estimates) 2011-12 ASR per 100- lower 95% C.I.","description":"est_ppl_asthma_2011_12_asr_100_lo_95pc_ci","stype":"ratio","isDimension":false},{"name":"est_ppl_asthma_2011_12_asr_100_up_95pc_ci","type":"Double","title":"Estimated Number Of People With Asthma (Modelled Estimates) 2011-12 ASR per 100- upper 95% C.I.","description":"est_ppl_asthma_2011_12_asr_100_up_95pc_ci","stype":"ratio","isDimension":false},{"name":"est_ppl_asthma_2011_12_num","type":"Integer","title":"Estimated Number Of People With Asthma (Modelled Estimates) 2011-12 Number","description":"est_ppl_asthma_2011_12_num","stype":"ratio","isDimension":false},{"name":"est_ppl_asthma_2011_12_rrmse","type":"String","title":"Estimated Number Of People With Asthma (Modelled Estimates) 2011-12 RRMSE","description":"est_ppl_asthma_2011_12_rrmse","stype":"ratio","isDimension":false},{"name":"est_ppl_asthma_2011_12_sr","type":"Integer","title":"Estimated Number Of People With Asthma (Modelled Estimates) 2011-12 SR","description":"est_ppl_asthma_2011_12_sr","stype":"ratio","isDimension":false},{"name":"est_ppl_asthma_2011_12_sr_lo_95pc_ci","type":"Integer","title":"Estimated Number Of People With Asthma (Modelled Estimates) 2011-12 SR- lower 95% C.I.","description":"est_ppl_asthma_2011_12_sr_lo_95pc_ci","stype":"ratio","isDimension":false},{"name":"est_ppl_asthma_2011_12_sr_up_95pc_ci","type":"Integer","title":"Estimated Number Of People With Asthma (Modelled Estimates) 2011-12 SR- upper 95% C.I.","description":"est_ppl_asthma_2011_12_sr_up_95pc_ci","stype":"ratio","isDimension":false},{"name":"est_ppl_mental_behvr_prob_2011_12_asr_100","type":"Double","title":"Estimated Number Of People With Mental And Behavioural Problems (Modelled Estimates) 2011-12 ASR per 100","description":"est_ppl_mental_behvr_prob_2011_12_asr_100","stype":"ratio","isDimension":false},{"name":"est_ppl_mental_behvr_prob_2011_12_asr_100_lo_95pc_ci","type":"Double","title":"Estimated Number Of People With Mental And Behavioural Problems (Modelled Estimates) 2011-12 ASR per 100- lower 95% C.I.","description":"est_ppl_mental_behvr_prob_2011_12_asr_100_lo_95pc_ci","stype":"ratio","isDimension":false},{"name":"est_ppl_mental_behvr_prob_2011_12_asr_100_up_95pc_ci","type":"Double","title":"Estimated Number Of People With Mental And Behavioural Problems (Modelled Estimates) 2011-12 ASR per 100- upper 95% C.I.","description":"est_ppl_mental_behvr_prob_2011_12_asr_100_up_95pc_ci","stype":"ratio","isDimension":false},{"name":"est_ppl_mental_behvr_prob_2011_12_num","type":"Integer","title":"Estimated Number Of People With Mental And Behavioural Problems (Modelled Estimates) 2011-12 Number","description":"est_ppl_mental_behvr_prob_2011_12_num","stype":"ratio","isDimension":false},{"name":"est_ppl_mental_behvr_prob_2011_12_rrmse","type":"String","title":"Estimated Number Of People With Mental And Behavioural Problems (Modelled Estimates) 2011-12 RRMSE","description":"est_ppl_mental_behvr_prob_2011_12_rrmse","stype":"ratio","isDimension":false},{"name":"est_ppl_mental_behvr_prob_2011_12_sr","type":"Integer","title":"Estimated Number Of People With Mental And Behavioural Problems (Modelled Estimates) 2011-12 SR","description":"est_ppl_mental_behvr_prob_2011_12_sr","stype":"ratio","isDimension":false},{"name":"est_ppl_mental_behvr_prob_2011_12_sr_lo_95pc_ci","type":"Integer","title":"Estimated Number Of People With Mental And Behavioural Problems (Modelled Estimates) 2011-12 SR- lower 95% C.I.","description":"est_ppl_mental_behvr_prob_2011_12_sr_lo_95pc_ci","stype":"ratio","isDimension":false},{"name":"est_ppl_mental_behvr_prob_2011_12_sr_up_95pc_ci","type":"Integer","title":"Estimated Number Of People With Mental And Behavioural Problems (Modelled Estimates) 2011-12 SR- upper 95% C.I.","description":"est_ppl_mental_behvr_prob_2011_12_sr_up_95pc_ci","stype":"ratio","isDimension":false},{"name":"est_ppl_musco_sys_dise_2011_12_asr_100","type":"Double","title":"Estimated Number Of People With Musculoskeletal System Diseases (Modelled Estimates) 2011-12 ASR per 100","description":"est_ppl_musco_sys_dise_2011_12_asr_100","stype":"ratio","isDimension":false},{"name":"est_ppl_musco_sys_dise_2011_12_asr_100_lo_95pc_ci","type":"Double","title":"Estimated Number Of People With Musculoskeletal System Diseases (Modelled Estimates) 2011-12 ASR per 100- lower 95% C.I.","description":"est_ppl_musco_sys_dise_2011_12_asr_100_lo_95pc_ci","stype":"ratio","isDimension":false},{"name":"est_ppl_musco_sys_dise_2011_12_asr_100_up_95pc_ci","type":"Double","title":"Estimated Number Of People With Musculoskeletal System Diseases (Modelled Estimates) 2011-12 ASR per 100- upper 95% C.I.","description":"est_ppl_musco_sys_dise_2011_12_asr_100_up_95pc_ci","stype":"ratio","isDimension":false},{"name":"est_ppl_musco_sys_dise_2011_12_num","type":"Integer","title":"Estimated Number Of People With Musculoskeletal System Diseases (Modelled Estimates) 2011-12 Number","description":"est_ppl_musco_sys_dise_2011_12_num","stype":"ratio","isDimension":false},{"name":"est_ppl_musco_sys_dise_2011_12_rrmse","type":"String","title":"Estimated Number Of People With Musculoskeletal System Diseases (Modelled Estimates) 2011-12 RRMSE","description":"est_ppl_musco_sys_dise_2011_12_rrmse","stype":"ratio","isDimension":false},{"name":"est_ppl_musco_sys_dise_2011_12_sr","type":"Integer","title":"Estimated Number Of People With Musculoskeletal System Diseases (Modelled Estimates) 2011-12 SR","description":"est_ppl_musco_sys_dise_2011_12_sr","stype":"ratio","isDimension":false},{"name":"est_ppl_musco_sys_dise_2011_12_sr_lo_95pc_ci","type":"Integer","title":"Estimated Number Of People With Musculoskeletal System Diseases (Modelled Estimates) 2011-12 SR- lower 95% C.I.","description":"est_ppl_musco_sys_dise_2011_12_sr_lo_95pc_ci","stype":"ratio","isDimension":false},{"name":"est_ppl_musco_sys_dise_2011_12_sr_up_95pc_ci","type":"Integer","title":"Estimated Number Of People With Musculoskeletal System Diseases (Modelled Estimates) 2011-12 SR- upper 95% C.I.","description":"est_ppl_musco_sys_dise_2011_12_sr_up_95pc_ci","stype":"ratio","isDimension":false},{"name":"est_ppl_obs_pulm_dise_2011_12_asr_100","type":"Double","title":"Estimated Number Of People With Chronic Obstructive Pulmonary Disease (Modelled Estimates) 2011-12 ASR per 100","description":"est_ppl_obs_pulm_dise_2011_12_asr_100","stype":"ratio","isDimension":false},{"name":"est_ppl_obs_pulm_dise_2011_12_asr_100_lo_95pc_ci","type":"Double","title":"Estimated Number Of People With Chronic Obstructive Pulmonary Disease (Modelled Estimates) 2011-12 ASR per 100- lower 95% C.I.","description":"est_ppl_obs_pulm_dise_2011_12_asr_100_lo_95pc_ci","stype":"ratio","isDimension":false},{"name":"est_ppl_obs_pulm_dise_2011_12_asr_100_up_95pc_ci","type":"Double","title":"Estimated Number Of People With Chronic Obstructive Pulmonary Disease (Modelled Estimates) 2011-12 ASR per 100- upper 95% C.I.","description":"est_ppl_obs_pulm_dise_2011_12_asr_100_up_95pc_ci","stype":"ratio","isDimension":false},{"name":"est_ppl_obs_pulm_dise_2011_12_num","type":"Integer","title":"Estimated Number Of People With Chronic Obstructive Pulmonary Disease (Modelled Estimates) 2011-12 Number","description":"est_ppl_obs_pulm_dise_2011_12_num","stype":"ratio","isDimension":false},{"name":"est_ppl_obs_pulm_dise_2011_12_rrmse","type":"String","title":"Estimated Number Of People With Chronic Obstructive Pulmonary Disease (Modelled Estimates) 2011-12 RRMSE","description":"est_ppl_obs_pulm_dise_2011_12_rrmse","stype":"ratio","isDimension":false},{"name":"est_ppl_obs_pulm_dise_2011_12_sr","type":"Integer","title":"Estimated Number Of People With Chronic Obstructive Pulmonary Disease (Modelled Estimates) 2011-12 SR","description":"est_ppl_obs_pulm_dise_2011_12_sr","stype":"ratio","isDimension":false},{"name":"est_ppl_obs_pulm_dise_2011_12_sr_lo_95pc_ci","type":"Integer","title":"Estimated Number Of People With Chronic Obstructive Pulmonary Disease (Modelled Estimates) 2011-12 SR- lower 95% C.I.","description":"est_ppl_obs_pulm_dise_2011_12_sr_lo_95pc_ci","stype":"ratio","isDimension":false},{"name":"est_ppl_obs_pulm_dise_2011_12_sr_up_95pc_ci","type":"Integer","title":"Estimated Number Of People With Chronic Obstructive Pulmonary Disease (Modelled Estimates) 2011-12 SR- upper 95% C.I.","description":"est_ppl_obs_pulm_dise_2011_12_sr_up_95pc_ci","stype":"ratio","isDimension":false},{"name":"est_ppl_resp_sys_dise_2011_12_asr_100","type":"Double","title":"Estimated Number Of People With Respiratory System Diseases (Modelled Estimates) 2011-12 ASR per 100","description":"est_ppl_resp_sys_dise_2011_12_asr_100","stype":"ratio","isDimension":false},{"name":"est_ppl_resp_sys_dise_2011_12_asr_100_lo_95pc_ci","type":"Double","title":"Estimated Number Of People With Respiratory System Diseases (Modelled Estimates) 2011-12 ASR per 100- lower 95% C.I.","description":"est_ppl_resp_sys_dise_2011_12_asr_100_lo_95pc_ci","stype":"ratio","isDimension":false},{"name":"est_ppl_resp_sys_dise_2011_12_asr_100_up_95pc_ci","type":"Double","title":"Estimated Number Of People With Respiratory System Diseases (Modelled Estimates) 2011-12 ASR per 100- upper 95% C.I.","description":"est_ppl_resp_sys_dise_2011_12_asr_100_up_95pc_ci","stype":"ratio","isDimension":false},{"name":"est_ppl_resp_sys_dise_2011_12_num","type":"Integer","title":"Estimated Number Of People With Respiratory System Diseases (Modelled Estimates) 2011-12 Number","description":"est_ppl_resp_sys_dise_2011_12_num","stype":"ratio","isDimension":false},{"name":"est_ppl_resp_sys_dise_2011_12_rrmse","type":"String","title":"Estimated Number Of People With Respiratory System Diseases (Modelled Estimates) 2011-12 RRMSE","description":"est_ppl_resp_sys_dise_2011_12_rrmse","stype":"ratio","isDimension":false},{"name":"est_ppl_resp_sys_dise_2011_12_sr","type":"Integer","title":"Estimated Number Of People With Respiratory System Diseases (Modelled Estimates) 2011-12 SR","description":"est_ppl_resp_sys_dise_2011_12_sr","stype":"ratio","isDimension":false},{"name":"est_ppl_resp_sys_dise_2011_12_sr_lo_95pc_ci","type":"Integer","title":"Estimated Number Of People With Respiratory System Diseases (Modelled Estimates) 2011-12 SR- lower 95% C.I.","description":"est_ppl_resp_sys_dise_2011_12_sr_lo_95pc_ci","stype":"ratio","isDimension":false},{"name":"est_ppl_resp_sys_dise_2011_12_sr_up_95pc_ci","type":"Integer","title":"Estimated Number Of People With Respiratory System Diseases (Modelled Estimates) 2011-12 SR- upper 95% C.I.","description":"est_ppl_resp_sys_dise_2011_12_sr_up_95pc_ci","stype":"ratio","isDimension":false},{"name":"first_ste1","type":"String","title":"State Name","description":"first_ste1","isDimension":false},{"name":"phn_name","type":"String","title":"PHN Name","description":"phn_name","isDimension":false},{"name":"wkb_geometry","type":"Geometry","title":"Geometry Field","description":"wkb_geometry","stype":"nominal","isDimension":false}],"filter":{"filterType":"tabular","spatial":{"bbox":[140.961681984,-39.1591895275,149.976679008,-33.9806475865]},"states":["2"]}}