region, attached_entitlements, venue_name, long, postcode, venue_type, city_town, operating_egms, address, objectid, district, lga, lat
"Bayside City",40,"MARINE HOTEL",144.9911041,3186,"Hotel","BRIGHTON",40,"215 NEW STREET",451,"Metro","City of Bayside",-37.9132
"Moreland (Capped Region)",55,"ABRUZZO CLUB",144.9723969,3057,"Club","EAST BRUNSWICK",55,"377 LYGON STREET",1,"Metro","City of Moreland",-37.766
"Greater Dandenong (Capped Region)",77,"ACES SPORTING CLUB",145.1419983,3173,"Club","KEYSBOROUGH",77,"CNR HUTTON AND SPRINGVALE ROADS",2,"Metro","City of Greater Dandenong",-38.0098
"Darebin (Capped Region)",50,"ALBION CHARLES HOTEL",144.9904022,3070,"Hotel","NORTHCOTE",50,"2 CHARLES STREET",4,"Metro","City of Darebin",-37.7771
"Greater Dandenong (Capped Region)",24,"ALBION HOTEL",145.213501,3175,"Hotel","DANDENONG",24,"327 LONSDALE STREET",5,"Metro","City of Greater Dandenong",-37.9859
"Southern Grampians Shire",35,"ALEXANDRA HOUSE SPORTS CLUB",142.0231934,3300,"Club","HAMILTON",35,"134 BROWN STREET",7,"Country","Shire of Southern Grampians",-37.7398
"Greater Bendigo City",100,"ALL SEASONS INTERNATIONAL HOTEL BENDIGO",144.3115997,3550,"Hotel","BENDIGO",100,"171-183 MCIVOR ROAD",8,"Country","City of Greater Bendigo",-36.7583
"Hobsons Bay (Capped Region)",37,"ALTONA BOWLING CLUB",144.8325043,3018,"Club","ALTONA",37,"113 CIVIC PARADE",11,"Metro","City of Hobsons Bay",-37.8642
"Hobsons Bay (Capped Region)",58,"ALTONA RSL",144.8287964,3018,"Club","ALTONA",58,"31 SARGOOD STREET",14,"Metro","City of Hobsons Bay",-37.8675
"Hobsons Bay (Capped Region)",83,"ALTONA SPORTS CLUB",144.8493042,3018,"Club","SEAHOLME",83,"11 ALTONA ROAD",15,"Metro","City of Hobsons Bay",-37.8641
"Campaspe Shire",42,"AMERICAN HOTEL",144.7480927,3564,"Hotel","Echuca",42,"239-249 Hare Street",17,"Country","Shire of Campaspe",-36.1241
"Casey (Capped Region)",80,"AMSTEL GOLF CLUB",145.2579956,3977,"Club","CRANBOURNE",80,"1000 CRANBOURNE-FRANKSTON ROAD",18,"Metro","City of Casey",-38.1112
"Stonnington City",45,"ANGEL TAVERN",145.0278931,3144,"Hotel","MALVERN",45,"641 DANDENONG ROAD",19,"Metro","City of Stonnington",-37.8659
"Surf Coast Shire",34,"ANGLESEA GOLF CLUB",144.1705933,3230,"Club","ANGLESEA",34,"GOLF LINKS ROAD",21,"Country","Surf Coast Shire",-38.406
"Ararat Rural City",55,"ARARAT RSL",142.9337006,3377,"Club","ARARAT",55,"74-76 HIGH STREET",24,"Country","Rural City of Ararat",-37.283
"Maribyrnong (Capped Region)",50,"ASHLEY HOTEL",144.8647003,3019,"Hotel","BRAYBROOK",50,"226 BALLARAT ROAD",27,"Metro","City of Maribyrnong",-37.7802
"Colac-Otway Shire",23,"AUSTRAL HOTEL",143.5845947,3250,"Hotel","COLAC",23,"185 MURRAY STREET",31,"Country","Shire of Colac-Otway",-38.3395
"Greater Geelong and Queenscliffe (Capped Region)",30,"AUSTRALIAN CROATIAN NATIONAL HALL",144.3419952,3215,"Club","BELL PARK",30,"101-111 SEPARATION STREET",33,"Country","City of Greater Geelong",-38.1109
"Moorabool Shire",30,"BACCHUS MARSH GOLF CLUB",144.427002,3340,"Club","BACCHUS MARSH",30,"LINKS ROAD",34,"Country","Shire of Moorabool",-37.6396
"East Gippsland (Capped Region)",26,"BAIRNSDALE BOWLS CLUB",147.6199951,3875,"Club","BAIRNSDALE",26,"CNR GRANT & PEARSON STS",36,"Country","Shire of East Gippsland",-37.824
"East Gippsland (Capped Region)",15,"BAIRNSDALE CLUB",147.6302948,3875,"Club","BAIRNSDALE",15,"68 NICHOLSON STREET",37,"Country","Shire of East Gippsland",-37.8244
"East Gippsland (Capped Region)",51,"BAIRNSDALE RSL",147.6105957,3875,"Club","BAIRNSDALE",51,"2 FORGE CREEK ROAD",38,"Country","Shire of East Gippsland",-37.8322
"East Gippsland (Capped Region)",37,"BAIRNSDALE SPORTING AND CONVENTION CENTRE",147.6472015,3875,"Club","BAIRNSDALE",37,"117 OMEO HIGHWAY",39,"Country","Shire of East Gippsland",-37.8093
"Yarra City",32,"BAKERS ARMS HOTEL",144.996994,3067,"Hotel","ABBOTSFORD",32,"355 VICTORIA STREET",40,"Metro","City of Yarra",-37.8099
"Port Phillip City",45,"BALACLAVA HOTEL",144.9909973,3183,"Hotel","BALACLAVA",45,"123 CARLISLE STREET",41,"Metro","City of Port Phillip",-37.8687
"Ballarat (Capped Region)",50,"BALLARAT & DISTRICT TROTTING CLUB",143.8311005,3350,"Club","BALLARAT",50,"BRAY RACEWAY, BELL STREET",43,"Country","City of Ballarat",-37.5781
"Ballarat (Capped Region)",34,"BALLARAT GOLF CLUB",143.8058014,3350,"Club","BALLARAT",28,"1802 STURT STREET",44,"Country","City of Ballarat",-37.5481
"Ballarat (Capped Region)",54,"BALLARAT LEAGUES CLUB",143.866806,3350,"Club","BALLARAT",54,"52 HUMFFRAY STREET NORTH",45,"Country","City of Ballarat",-37.5603
"Greater Geelong and Queenscliffe (Capped Region)",0,"BARWON HEADS HOTEL",144.4929962,3227,"Hotel","BARWON HEADS",10,"1 BRIDGE ROAD",51,"Country","City of Greater Geelong",-38.2827
"Melbourne CBD, Docklands & Southbank Precincts",22,"BATMAN'S HILL ON COLLINS",144.9546051,3000,"Hotel","MELBOURNE",22,"623 COLLINS STREET",53,"Metro","City of Melbourne",-37.8192
"Mornington Peninsula Shire",45,"BAXTER TAVERN HOTEL MOTEL",145.1607971,3911,"Hotel","BAXTER",45,"117 BAXTER-TOORADIN ROAD",54,"Metro","Mornington Peninsula Shire",-38.196
"Knox City",80,"BAYSWATER HOTEL",145.2680054,3153,"Hotel","BAYSWATER",80,"780 MOUNTAIN HIGHWAY",55,"Metro","City of Knox",-37.8409
"Greater Geelong and Queenscliffe (Capped Region)",28,"BELL PARK SPORT & RECREATION CLUB",144.3318024,3215,"Club","HAMLYN HEIGHTS",28,"34-70 CALVERT STREET",56,"Country","City of Greater Geelong",-38.1232
"Port Phillip City",40,"BELL'S HOTEL",144.9626007,3205,"Hotel","SOUTH MELBOURNE",40,"157 MORAY STREET",57,"Metro","City of Port Phillip",-37.8309
"Benalla City",50,"BENALLA BOWLS CLUB",145.9759979,3672,"Club","BENALLA",50,"25 ARUNDEL STREET",59,"Country","Rural City of Benalla",-36.5525
"Benalla City",25,"BENALLA GOLF CLUB",145.957901,3672,"Club","BENALLA",25,"MANSFIELD ROAD",60,"Country","Rural City of Benalla",-36.5721
"Greater Bendigo City",93,"BENDIGO DISTRICT RSL CLUB",144.2682953,3550,"Club","BENDIGO",93,"73-75 HAVILAH ROAD",61,"Country","City of Greater Bendigo",-36.7392
"Greater Bendigo City",105,"BENDIGO STADIUM",144.2478027,3555,"Club","GOLDEN SQUARE",105,"134 MARONG ROAD",62,"Country","City of Greater Bendigo",-36.7586
"Glen Eira City",88,"BENTLEIGH CLUB",145.0272064,3204,"Club","BENTLEIGH",88,"33 YAWLA STREET",64,"Metro","City of Glen Eira",-37.9132
"Glen Eira City",90,"BENTLEIGH RSL",145.0424957,3204,"Club","BENTLEIGH",90,"538 CENTRE ROAD",65,"Metro","City of Glen Eira",-37.9191
"Casey (Capped Region)",63,"BERWICK INN TAVERNER",145.3450928,3806,"Hotel","BERWICK",63,"1 HIGH STREET",67,"Metro","City of Casey",-38.0305
"Casey (Capped Region)",105,"BERWICK SPRINGS HOTEL",145.337204,3806,"Hotel","BERWICK",105,"288-296 CLYDE ROAD",68,"Metro","City of Casey",-38.0588
"Wodonga City",30,"BIRALLEE TAVERN",146.8656006,3690,"Hotel","WODONGA",30,"97-99 MELROSE DRIVE",71,"Country","Rural City of Wodonga",-36.1273
"Whitehorse City",66,"BLACKBURN HOTEL",145.1517029,3130,"Hotel","BLACKBURN",66,"111 WHITEHORSE ROAD",73,"Metro","City of Whitehorse",-37.8169
"Wodonga City",25,"BLAZING STUMP HOTEL",146.9122925,3690,"Hotel","WODONGA",25,"4315 ANZAC PARADE",74,"Country","Rural City of Wodonga",-36.1395
"Ballarat (Capped Region)",40,"BLUE BELL HOTEL",143.8294983,3355,"Hotel","WENDOUREE",40,"1216 HOWITT STREET",75,"Country","City of Ballarat",-37.5396
"Glen Eira City",75,"BOUNDARY TAVERNER",145.058197,3165,"Hotel","BENTLEIGH EAST",75,"726 CENTRE ROAD",80,"Metro","City of Glen Eira",-37.9212
"Melbourne CBD, Docklands & Southbank Precincts",100,"BOURKE HILL'S WELCOME STRANGER",144.9691925,3000,"Hotel","MELBOURNE",100,"128 BOURKE STREET",81,"Metro","City of Melbourne",-37.812
"Whitehorse City",39,"BOX HILL GOLF CLUB",145.121994,3128,"Club","BOX HILL",39,"202 STATION STREET",84,"Metro","City of Whitehorse",-37.8397
"Whitehorse City",103,"BOX HILL RSL",145.1201935,3128,"Club","BOX HILL",103,"26 NELSON ROAD",85,"Metro","City of Whitehorse",-37.8154
"Maribyrnong (Capped Region)",45,"BRAYBROOK HOTEL",144.8484039,3019,"Hotel","BRAYBROOK",45,"353 BALLARAT ROAD",87,"Metro","City of Maribyrnong",-37.7797
"Whittlesea City (Municipal Limit)",60,"BRIDGE INN HOTEL",145.0950928,3754,"Hotel","MERNDA",60,"1425 PLENTY ROAD",91,"Metro","City of Whittlesea",-37.6008
"Hume (Capped Region)",55,"BROADMEADOWS SPORTING CLUB",144.9098053,3047,"Club","JACANA",55,"111 SUNSET BOULEVARD",93,"Metro","City of Hume",-37.6911
"Moreland (Capped Region)",35,"BROWNS CORNER",144.9667969,3058,"Hotel","COBURG",35,"502 SYDNEY ROAD",97,"Metro","City of Moreland",-37.7415
"Banyule (Capped Region)",0,"BUNDOORA BOWLING CLUB",145.0610962,3083,"Club","BUNDOORA",20,"YULONG RESERVE, CAMERON PARADE",102,"Metro","City of Banyule",-37.6972
"Whittlesea (Capped Region)",96,"BUNDOORA TAVERNER",145.0587006,3083,"Hotel","BUNDOORA",96,"49 PLENTY ROAD",103,"Metro","City of Whittlesea",-37.6956
"Whitehorse City",73,"BURVALE HOTEL",145.1705017,3131,"Hotel","NUNAWADING",73,"CNR SPRINGVALE ROAD & BURWOOD HIGHWAY",105,"Metro","City of Whitehorse",-37.8533
"Cardinia Shire",105,"CARDINIA CLUB",145.4929962,3810,"Club","PAKENHAM",105,"71 RACECOURSE ROAD",112,"Metro","Shire of Cardinia",-38.077
"Cardinia Shire",40,"CARDINIA PARK HOTEL",145.3781971,3807,"Hotel","BEACONSFIELD",40,"200 BEACONSFIELD - EMERALD ROAD",113,"Metro","Shire of Cardinia",-38.02870185
"Whittlesea (Capped Region)",75,"CASA D'ABRUZZO CLUB",145.0196075,3076,"Club","EPPING",75,"55 O'HERNS ROAD",118,"Metro","City of Whittlesea",-37.6381
"Cardinia Shire",50,"CASTELLO'S CARDINIA HOTEL",145.4768066,3810,"Hotel","PAKENHAM",50,"108 PRINCES HIGHWAY",119,"Metro","Shire of Cardinia",-38.0708
"Glen Eira City",105,"CAULFIELD GLASSHOUSE",145.0395966,3145,"Club","CAULFIELD EAST",105,"STATION STREET",121,"Metro","City of Glen Eira",-37.8772
"Glen Eira City",52,"CAULFIELD RSL",145.0032959,3185,"Club","ELSTERNWICK",52,"4 ST GEORGES ROAD",122,"Metro","City of Glen Eira",-37.884
"Melbourne CBD, Docklands & Southbank Precincts",41,"CELTIC CLUB",144.9593048,3000,"Club","MELBOURNE",41,"316 - 320 QUEEN STREET",124,"Metro","City of Melbourne",-37.8111
"Monash City (Municipal Limit)",65,"CENTURY CITY WALK",145.1643982,3150,"Hotel","GLEN WAVERLEY",65,"285-287 SPRINGVALE ROAD",127,"Metro","City of Monash",-37.8814
"Ararat Rural City",33,"CHALAMBAR GOLF CLUB",142.9111938,3377,"Club","ARARAT",33,"118 GOLF LINKS ROAD",128,"Country","Rural City of Ararat",-37.2701
"Kingston City",40,"CHELSEA HEIGHTS HOTEL",145.1322937,3196,"Hotel","CHELSEA HEIGHTS",40,"1 WELLS ROAD",129,"Metro","City of Kingston",-38.0278
"Kingston City",41,"CHELTENHAM MOORABBIN RSL",145.0657043,3192,"Club","CHELTENHAM",41,"289 CENTRE DANDENONG ROAD",130,"Metro","City of Kingston",-37.9678
"Manningham City",50,"CHERRY HILL TAVERN",145.1705933,3109,"Hotel","DONCASTER EAST",50,"189 REYNOLDS ROAD",131,"Metro","City of Manningham",-37.7633
"Yarra Ranges Shire",37,"CHIRNSIDE PARK COUNTRY CLUB",145.3255005,3116,"Club","CHIRNSIDE PARK",37,"68 KINGSWOOD DRIVE",132,"Metro","Shire of Yarra Ranges",-37.75
"Colac-Otway Shire",20,"CITY BOWLS CLUB COLAC",143.5865021,3250,"Club","COLAC",20,"CENTRAL RESERVE, GRAVESEND STREET",135,"Country","Shire of Colac-Otway",-38.348
"Greater Bendigo City",39,"CITY FAMILY HOTEL",144.2769928,3550,"Club","BENDIGO",39,"41-55 HIGH STREET",136,"Country","City of Greater Bendigo",-36.7606
"Warrnambool (Capped Region)",38,"CITY MEMORIAL BOWLS CLUB",142.4958038,3280,"Club","WARRNAMBOOL",38,"50-58 CRAMER STREET",137,"Country","City of Warrnambool",-38.3775
"Kingston City",29,"CLAYTON BOWLS CLUB",145.1112061,3169,"Club","CLAYTON SOUTH",29,"SPRINGS ROAD",139,"Metro","City of Kingston",-37.9335
"Monash (Capped Region)",71,"CLAYTON RSL",145.1226044,3168,"Club","CLAYTON",71,"163 CARINISH ROAD",140,"Metro","City of Monash",-37.9254
"Greater Geelong and Queenscliffe (Capped Region)",40,"CLIFTON SPRINGS GOLF CLUB",144.5639038,3222,"Club","CLIFTON SPRINGS",40,"92-94 CLEARWATER DRIVE",143,"Country","City of Greater Geelong",-38.1541
"Melbourne CBD, Docklands & Southbank Precincts",100,"CLOCKS AT FLINDERS STREET STATION",144.9674988,3000,"Club","MELBOURNE",100,"SHOP 17, FLINDERS STREET RAILWAY STATION",144,"Metro","City of Melbourne",-37.8186
"Maroondah (Capped Region)",75,"CLUB HOTEL",145.2389069,3135,"Hotel","EAST RINGWOOD",75,"6 MT DANDENONG ROAD",145,"Metro","City of Maroondah",-37.812
"Knox City",40,"CLUB HOTEL (FERNTREE GULLY)",145.2760925,3156,"Hotel","FERNTREE GULLY",40,"848 BURWOOD HIGHWAY",147,"Metro","City of Knox",-37.8827
"Baw Baw Shire",30,"CLUB HOTEL (WARRAGUL)",145.9299011,3820,"Club","WARRAGUL",30,"51 QUEEN STREET",148,"Country","Shire of Baw Baw",-38.1629
"Brimbank (Capped Region)",60,"CLUB ITALIA SPORTING CLUB",144.8186951,3020,"Club","NORTH SUNSHINE",60,"128-152 FURLONG ROAD",149,"Metro","City of Brimbank",-37.7605
"Maroondah (Capped Region)",105,"CLUB KILSYTH",145.3036957,3143,"Club","BAYSWATER NORTH",105,"CNR CANTERBURY AND COLCHESTER ROADS",150,"Metro","City of Maroondah",-37.822
"Hobsons Bay (Capped Region)",60,"CLUB LAVERTON",144.7619019,3028,"Club","LAVERTON",60,"15 AVIATION ROAD",151,"Metro","City of Hobsons Bay",-37.8682
"Maribyrnong (Capped Region)",30,"CLUB LEEDS",144.9011993,3011,"Club","FOOTSCRAY",30,"17 LEEDS STREET",152,"Metro","City of Maribyrnong",-37.7995
"Cardinia Shire",60,"CLUB OFFICER",145.4344028,3809,"Club","OFFICER",60,"3 NIKI PL",153,"Metro","Shire of Cardinia",-38.07589023
"Maroondah (Capped Region)",82,"CLUB RINGWOOD",145.2537994,3134,"Club","RINGWOOD",82,"523-531 MAROONDAH HIGHWAY",154,"Metro","City of Maroondah",-37.7973
"Corangamite Shire",28,"COBDEN GOLF CLUB",143.0758057,3266,"Club","COBDEN",28,"NEYLON STREET",156,"Country","Shire of Corangamite",-38.3227
"Moira Shire",43,"COBRAM HOTEL",145.6405945,3644,"Hotel","COBRAM",43,"8-18 STATION STREET",157,"Country","Shire of Moira",-35.9214
"Colac-Otway Shire",20,"COLAC BOWLING CLUB",143.5771942,3250,"Club","COLAC",20,"CNR MOORE AND ARMSTRONG STREETS",160,"Country","Shire of Colac-Otway",-38.3335
"Colac-Otway Shire",25,"COLAC RSL",143.5906067,3250,"Club","COLAC",25,"21 MURRAY STREET",161,"Country","Shire of Colac-Otway",-38.3392
"Corangamite Shire",29,"COMMERCIAL HOTEL (CAMPERDOWN)",143.1481018,3260,"Hotel","CAMPERDOWN",29,"115 MANIFOLD STREET",174,"Country","Shire of Corangamite",-38.2343
"Swan Hill Rural City",14,"COMMERCIAL HOTEL (SWAN HILL)",143.5594025,3585,"Hotel","SWAN HILL",14,"91-105 CAMPBELL STREET",175,"Country","Rural City of Swan Hill",-35.337
"Wyndham (Capped Region)",75,"COMMERCIAL TAVERNER",144.6605072,3030,"Hotel","WERRIBEE",75,"111 WATTON STREET",176,"Metro","City of Wyndham",-37.9022
"Hume (Capped Region)",47,"COOLAROO TAVERNER",144.9416962,3048,"Hotel","COOLAROO",47,"CNR BARRY ROAD & MAFFRA STREET",179,"Metro","City of Hume",-37.6649
"Towong Shire",10,"CORRYONG SPORTING COMPLEX",147.8997955,3707,"Club","CORRYONG",10,"RECREATION RESERVE",183,"Country","Shire of Towong",-36.192
"Moorabool Shire",40,"COURT HOUSE HOTEL (BACCHUS MARSH)",144.436203,3340,"Hotel","BACCHUS MARSH",40,"116 MAIN STREET",185,"Country","Shire of Moorabool",-37.6754
"Moreland (Capped Region)",0,"COURT HOUSE HOTEL (BRUNSWICK)",144.9624023,3056,"Hotel","BRUNSWICK",20,"615 SYDNEY ROAD",186,"Metro","City of Moreland",-37.7626
"Maribyrnong (Capped Region)",21,"COURT HOUSE HOTEL (FOOTSCRAY)",144.8984985,3011,"Hotel","FOOTSCRAY",21,"166 NICHOLSON STREET",187,"Metro","City of Maribyrnong",-37.8019
"Stonnington City",48,"COURT JESTER HOTEL",144.9931946,3181,"Hotel","PRAHRAN",48,"270 CHAPEL STREET",188,"Metro","City of Stonnington",-37.8506
"Ballarat (Capped Region)",45,"CRAIG'S ROYAL HOTEL",143.857193,3350,"Hotel","BALLARAT",45,"10 LYDIARD STREET SOUTH",189,"Country","City of Ballarat",-37.5626
"Hume (Capped Region)",70,"CRAIGIEBURN SPORTING CLUB",144.9203033,3064,"Club","CRAIGIEBURN",70,"WILLMOTT PARK, CRAIGIEBURN ROAD",190,"Metro","City of Hume",-37.599
"Darebin (Capped Region)",79,"CRAMERS HOTEL",145.002594,3072,"Hotel","PRESTON",79,"1 CRAMER STREET",192,"Metro","City of Darebin",-37.7408
"Casey (Capped Region)",50,"CRANBOURNE RSL",145.2875977,3977,"Club","CRANBOURNE",50,"1475 SOUTH GIPPSLAND HIGHWAY",193,"Metro","City of Casey",-38.1175
"Moonee Valley (Capped Region)",40,"CROSS KEYS HOTEL",144.9281006,3040,"Hotel","ESSENDON",40,"350 PASCOE VALE ROAD",201,"Metro","City of Moonee Valley",-37.7441
"Yarra Ranges Shire",64,"CROWN HOTEL",145.3524933,3140,"Hotel","LILYDALE",64,"273 MAIN STREET",203,"Metro","Shire of Yarra Ranges",-37.7571
"Darebin (Capped Region)",54,"CROXTON PARK HOTEL",145.0005035,3071,"Hotel","THORNBURY",54,"607-619 HIGH STREET",205,"Metro","City of Darebin",-37.7625
"Maroondah (Capped Region)",105,"CROYDON HOTEL",145.2631989,3136,"Hotel","CROYDON",105,"47 MAROONDAH HIGHWAY",206,"Metro","City of Maroondah",-37.7905
"Mount Alexander Shire",30,"CUMBERLAND HOTEL",144.216507,3450,"Hotel","CASTLEMAINE",30,"191 BARKER STREET",207,"Country","Shire of Mount Alexander",-37.0646
"Greater Dandenong (Capped Region)",103,"DANDENONG CLUB",145.2250061,3175,"Club","DANDENONG",103,"1579 HEATHERTON ROAD",208,"Metro","City of Greater Dandenong",-37.9705
"Greater Dandenong (Capped Region)",63,"DANDENONG RSL",145.219696,3175,"Club","DANDENONG",63,"44 - 50 CLOW STREET",209,"Metro","City of Greater Dandenong",-37.9857
"Greater Dandenong (Capped Region)",77,"DANDENONG WORKERS SOCIAL CLUB",145.2265015,3175,"Club","DANDENONG",77,"48 WEDGE STREET",211,"Metro","City of Greater Dandenong",-37.9918
"Darebin (Capped Region)",65,"DAREBIN RSL",144.9985046,3072,"Club","PRESTON",65,"402 BELL STREET",212,"Metro","City of Darebin",-37.7441
"Mornington Peninsula Shire",32,"DAVA HOTEL",145.0301971,3934,"Hotel","MT MARTHA",32,"610 THE ESPLANADE",214,"Metro","Mornington Peninsula Shire",-38.2449
"Hepburn Shire",32,"DAYLESFORD BOWLING CLUB",144.1452026,3460,"Club","DAYLESFORD",32,"8 CAMP STREET",216,"Country","Shire of Hepburn",-37.3413
"Brimbank (Capped Region)",80,"DEER PARK CLUB",144.7807007,3023,"Club","DEER PARK",80,"780 BALLARAT ROAD",217,"Metro","City of Brimbank",-37.77
"Brimbank (Capped Region)",80,"DEER PARK HOTEL",144.7879944,3023,"Hotel","DEER PARK",80,"760 BALLARAT ROAD",218,"Metro","City of Brimbank",-37.7706
"Brimbank (Capped Region)",55,"DERRIMUT HOTEL",144.8303986,3020,"Hotel","SUNSHINE",55,"132 DURHAM ROAD",220,"Metro","City of Brimbank",-37.7881
"Nillumbik Shire",50,"DIAMOND CREEK TAVERN",145.145401,3089,"Hotel","DIAMOND CREEK",50,"29 MAIN ROAD",221,"Metro","Shire of Nillumbik",-37.6761
"Port Phillip City",40,"DICK WHITTINGTON TAVERN",144.9911957,3182,"Hotel","ST KILDA",40,"32 CHAPEL STREET",222,"Metro","City of Port Phillip",-37.8645
"Kingston City",90,"DINGLEY INTERNATIONAL HOTEL",145.1123962,3172,"Hotel","DINGLEY",90,"334 BOUNDARY ROAD",223,"Metro","City of Kingston",-37.9792
"Manningham City",85,"DONCASTER HOTEL",145.1432953,3108,"Hotel","DONCASTER",85,"855 DONCASTER ROAD",224,"Metro","City of Manningham",-37.7866
"Maroondah (Capped Region)",97,"DORSET GARDENS HOTEL",145.2906952,3136,"Hotel","CROYDON",97,"335 DORSET ROAD",226,"Metro","City of Maroondah",-37.803
"Mornington Peninsula Shire",41,"DROMANA HOTEL",144.9676056,3936,"Hotel","DROMANA",41,"151-165 NEPEAN HIGHWAY",227,"Metro","Mornington Peninsula Shire",-38.3315
"Moreland (Capped Region)",75,"DRUMS HOTEL",144.9662933,3058,"Hotel","COBURG",75,"613 SYDNEY ROAD",228,"Metro","City of Moreland",-37.7375
"Moreland (Capped Region)",50,"DUKE OF EDINBURGH",144.9622955,3056,"Hotel","BRUNSWICK",50,"430-436 SYDNEY ROAD",230,"Metro","City of Moreland",-37.7678
"Stonnington City",33,"EAST MALVERN RSL",145.0648956,3145,"Club","MALVERN EAST",25,"STANLEY GROSE DRIVE",232,"Metro","City of Stonnington",-37.8733
"Maroondah (Capped Region)",19,"EASTWOOD GOLF CLUB",145.3148041,3137,"Club","KILSYTH",19,"LIVERPOOL ROAD",233,"Metro","City of Maroondah",-37.8355
"Campaspe Shire",30,"ECHUCA HOTEL",144.7458954,3564,"Hotel","ECHUCA",30,"569-571 HIGH STREET",234,"Country","Shire of Campaspe",-36.1211
"Campaspe Shire",84,"ECHUCA WORKERS AND SERVICES CLUB",144.7514038,3564,"Club","ECHUCA",84,"165 -171 ANNESLEY STREET",236,"Country","Shire of Campaspe",-36.1273
"Kingston City",80,"EDITHVALE - CHELSEA RSL",145.1165009,3196,"Club","CHELSEA",80,"4 THAMES PROMENADE",237,"Metro","City of Kingston",-38.0504
"Darebin (Capped Region)",100,"EDWARDES LAKE HOTEL",144.9893951,3073,"Hotel","RESERVOIR",100,"257 EDWARDES STREET",238,"Metro","City of Darebin",-37.7155
"Wodonga City",80,"ELGIN'S",146.8842926,3690,"Hotel","WODONGA",80,"51-53 ELGIN BOULEVARD",243,"Country","Rural City of Wodonga",-36.1205
"Port Phillip City",28,"ELSTERNWICK HOTEL",144.9958954,3184,"Hotel","ELWOOD",28,"259 BRIGHTON ROAD",246,"Metro","City of Port Phillip",-37.8832
"Nillumbik Shire",40,"ELTHAM HOTEL",145.1466064,3095,"Hotel","ELTHAM",40,"746 MAIN ROAD",247,"Metro","Shire of Nillumbik",-37.7214
"Whittlesea (Capped Region)",40,"EPPING HOTEL",145.0245056,3076,"Hotel","EPPING",40,"743 HIGH STREET",252,"Metro","City of Whittlesea",-37.6493
"Whittlesea (Capped Region)",100,"EPPING PLAZA HOTEL",145.0200043,3076,"Hotel","EPPING",100,"EPPING PLAZA SHOPPING CENTRE, CNR HIGH & COOPER ST",253,"Metro","City of Whittlesea",-37.6533
"Whittlesea (Capped Region)",45,"EPPING RSL",145.0211029,3076,"Club","EPPING",45,"195 HARVEST HOME ROAD",254,"Metro","City of Whittlesea",-37.6232
"Bass Coast (Capped Region)",17,"ESPLANADE HOTEL (INVERLOCH)",145.7286987,3996,"Hotel","INVERLOCH",17,"1 A'BECKETT STREET",255,"Country","Bass Coast Shire",-38.6341
"Moonee Valley (Capped Region)",100,"ESSENDON FOOTBALL & COMMUNITY SPORTING CLUB",144.9196014,3040,"Club","ESSENDON",100,"CNR NAPIER STREET & BREWSTER STREET",257,"Metro","City of Moonee Valley",-37.752
"Whittlesea (Capped Region)",89,"EXCELSIOR HOTEL",145.0005951,3074,"Hotel","THOMASTOWN",89,"82 MAHONEY'S ROAD",261,"Metro","City of Whittlesea",-37.6926
"Baw Baw Shire",28,"FAMILY HOTEL",145.857193,3818,"Hotel","DROUIN",28,"65 PRINCES WAY",267,"Country","Shire of Baw Baw",-38.1358
"Moreland (Capped Region)",35,"FAWKNER RSL",144.963501,3060,"Club","FAWKNER",35,"135 LORNE STREET",269,"Metro","City of Moreland",-37.7152
"Knox City",34,"FERNTREE GULLY BOWLING CLUB",145.2870026,3156,"Club","FERNTREE GULLY",34,"14 MERRICKS CLOSE",270,"Metro","City of Knox",-37.8891
"Knox City",49,"FERNTREE GULLY HOTEL",145.2971039,3156,"Hotel","FERNTREE GULLY",49,"1130 BURWOOD HIGHWAY",271,"Metro","City of Knox",-37.889
"Moreland (Capped Region)",64,"FIRST & LAST HOTEL",144.9624939,3060,"Hotel","FAWKNER",64,"1141 SYDNEY ROAD",272,"Metro","City of Moreland",-37.7189
"Warrnambool (Capped Region)",8,"FLYING HORSE BAR AND BREWERY",142.5332947,3280,"Hotel","Warrnambool",8,"10691-10699 Princes Highway",276,"Country","City of Warrnambool",-38.3854
"Monash (Capped Region)",46,"FORESTERS ARMS HOTEL",145.0914001,3166,"Hotel","OAKLEIGH",46,"1529 DANDENONG ROAD",278,"Metro","City of Monash",-37.8929
"South Gippsland Shire",25,"FOSTER GOLF CLUB",146.1958008,3960,"Club","FOSTER",25,"7 RESERVE STREET",279,"Country","Shire of South Gippsland",-38.655
"Casey (Capped Region)",85,"FOUNTAIN GATE TAVERNER",145.3031006,3805,"Hotel","NARRE WARREN",85,"FOUNTAIN GATE SHOPPING CENTRE, OVERLAND DRIVE",280,"Metro","City of Casey",-38.0187
"Frankston (Capped Region)",82,"FRANKSTON RSL",145.147995,3199,"Club","FRANKSTON",82,"183 CRANBOURNE ROAD",282,"Metro","City of Frankston",-38.1508
"Kingston City",30,"FRECCIA AZZURRA CLUB",145.1412964,3173,"Club","KEYSBOROUGH",30,"784-796 SPRINGVALE ROAD",284,"Metro","City of Kingston",-38.0004
"Darebin (Capped Region)",30,"FURLAN CLUB",145.0279999,3071,"Club","THORNBURY",30,"1 MATISI STREET",285,"Metro","City of Darebin",-37.7575
"Greater Geelong and Queenscliffe (Capped Region)",27,"FYANSFORD HOTEL",144.3099976,3221,"Hotel","FYANSFORD",27,"67 HYLAND STREET",286,"Country","City of Greater Geelong",-38.1422
"Greater Geelong and Queenscliffe (Capped Region)",50,"GATEWAY HOTEL",144.3641968,3214,"Hotel","CORIO",50,"218 PRINCES HIGHWAY",288,"Country","City of Greater Geelong",-38.0806
"Greater Geelong and Queenscliffe (Capped Region)",105,"GEELONG COMBINED LEAGUES CLUB",144.3811035,3219,"Club","BREAKWATER",105,"54 FELLMONGERS ROAD",290,"Country","City of Greater Geelong",-38.1806
"Greater Geelong and Queenscliffe (Capped Region)",17,"GEELONG FOOTBALL CLUB",144.3538055,3220,"Club","GEELONG",100,"LATROBE TERRACE, KARDINIA PARK",291,"Country","City of Greater Geelong",-38.1574
"Greater Geelong and Queenscliffe (Capped Region)",42,"GEELONG RSL",144.3509064,3216,"Club","BELMONT",42,"50 BARWON HEADS ROAD",292,"Country","City of Greater Geelong",-38.1734
"Ballarat (Capped Region)",28,"GEORGE HOTEL",143.8574066,3350,"Hotel","BALLARAT",28,"27 LYDIARD STREET NORTH",295,"Country","City of Ballarat",-37.5608
"Hume (Capped Region)",86,"GLADSTONE PARK HOTEL",144.8831024,3043,"Hotel","TULLAMARINE",86,"186-202 MICKLEHAM ROAD",298,"Metro","City of Hume",-37.6876
"Brimbank (Capped Region)",50,"GLENGALA HOTEL",144.8027039,3020,"Hotel","SUNSHINE",50,"214 GLENGALA ROAD",299,"Metro","City of Brimbank",-37.7866
"Moreland City (Municipal Limit)",50,"GLENROY RSL",144.9196014,3046,"Club","GLENROY",50,"186 GLENROY ROAD",300,"Metro","City of Moreland",-37.7052
"Melton City",45,"GOLDEN FLEECE HOTEL (MELTON)",144.5852966,3337,"Hotel","MELTON",45,"257-263 HIGH STREET",304,"Metro","City of Melton",-37.6833
"Melbourne CBD, Docklands & Southbank Precincts",60,"GOLDEN NUGGET",144.9687958,3000,"Hotel","MELBOURNE",60,"117 LONSDALE STREET",305,"Metro","City of Melbourne",-37.8105
"Ballarat (Capped Region)",22,"GOLF HOUSE HOTEL",143.8591003,3350,"Hotel","BALLARAT",22,"920 DOVETON STREET NORTH",306,"Country","City of Ballarat",-37.5417
"Glenelg Shire",23,"GORDON HOTEL",141.6056061,3305,"Hotel","PORTLAND",23,"63 BENTINCK STREET",307,"Country","Shire of Glenelg",-38.3496
"Greater Shepparton (Capped Region)",40,"GOULBURN VALLEY HOTEL",145.4060059,3630,"Hotel","SHEPPARTON",40,"223 HIGH STREET",308,"Country","City of Greater Shepparton",-36.3817
"Southern Grampians Shire",40,"GRAND CENTRAL HOTEL (HAMILTON)",142.0240021,3300,"Hotel","HAMILTON",40,"141 GRAY STREET",309,"Country","Shire of Southern Grampians",-37.7429
"Frankston (Capped Region)",64,"GRAND HOTEL (FRANKSTON)",145.1206055,3199,"Hotel","FRANKSTON",64,"499 NEPEAN HIGHWAY",314,"Metro","City of Frankston",-38.1452
"Mornington Peninsula Shire",70,"GRAND HOTEL (MORNINGTON)",145.039093,3931,"Hotel","MORNINGTON",70,"124 MAIN ROAD",315,"Metro","Mornington Peninsula Shire",-38.2198
"Latrobe (Capped Region)",34,"GRAND JUNCTION HOTEL",146.5381012,3844,"Hotel","TRARALGON",34,"8-22 FRANKLIN STREET",316,"Country","City of La Trobe",-38.1979
"Mildura Rural City",15,"GRAND ON DEAKIN",142.1688995,3500,"Hotel","MILDURA",15,"13 DEAKIN AVENUE",317,"Country","Rural City of Mildura",-34.1876
"East Gippsland (Capped Region)",24,"GRAND TERMINUS HOTEL",147.6293945,3875,"Hotel","BAIRNSDALE",24,"98 MACLEOD STREET",318,"Country","Shire of East Gippsland",-37.8275
"Greater Geelong and Queenscliffe (Capped Region)",36,"GREAT WESTERN HOTEL",144.3350067,3220,"Hotel","NEWTOWN",36,"177 ABERDEEN STREET",320,"Country","City of Greater Geelong",-38.1455
"Brimbank (Capped Region)",70,"GREEN GULLY SOCCER CLUB",144.8179016,3038,"Club","KEILOR DOWNS",70,"GREEN GULLY RESERVE , CLUBHOUSE PLACE",321,"Metro","City of Brimbank",-37.7241
"Banyule City (Municipal Limit)",30,"GREENSBOROUGH HOTEL",145.1047058,3088,"Hotel","GREENSBOROUGH",30,"75 MAIN STREET",323,"Metro","City of Banyule",-37.7028
"Banyule City (Municipal Limit)",78,"GREENSBOROUGH RSL",145.1054993,3088,"Club","GREENSBOROUGH",78,"111 MAIN STREET",324,"Metro","City of Banyule",-37.7018
"Greater Dandenong (Capped Region)",93,"GREYHOUNDS ENTERTAINMENT",145.1587067,3171,"Club","SPRINGVALE",93,"LIGHTWOOD ROAD",326,"Metro","City of Greater Dandenong",-37.957
"Port Phillip City",22,"GROSVENOR HOTEL",144.9902954,3182,"Hotel","ST KILDA",22,"10 BRIGHTON ROAD",327,"Metro","City of Port Phillip",-37.8722
"Greater Geelong and Queenscliffe (Capped Region)",80,"GROVEDALE HOTEL",144.3414001,3216,"Hotel","GROVEDALE",80,"236-258 SURFCOAST HIGHWAY",328,"Country","City of Greater Geelong",-38.2031
"Casey (Capped Region)",80,"HALLAM TAVERNER",145.2727051,3803,"Hotel","HALLAM",80,"241 PRINCES HWY",330,"Metro","City of Casey",-38.0067
"Bayside City",30,"HAMPTON BOWLS CLUB",145.0149994,3188,"Club","HAMPTON",30,"CNR FEWSTER ROAD & EARLSFIELD ROAD",332,"Metro","City of Bayside",-37.9373
"Casey (Capped Region)",73,"HAMPTON PARK TAVERN",145.2669067,3976,"Hotel","HAMPTON PARK",73,"71 HALLAM ROAD",334,"Metro","City of Casey",-38.0344
"Boroondara City",47,"HARP OF ERIN HOTEL",145.0514069,3102,"Hotel","KEW EAST",47,"636 HIGH STREET",335,"Metro","City of Boroondara",-37.7991
"Mornington Peninsula Shire",50,"HASTINGS CRICKET & FOOTBALL SOCIAL CLUB",145.1869965,3915,"Club","HASTINGS",50,"155 MARINE PARADE",336,"Metro","Mornington Peninsula Shire",-38.2966
"Melbourne (Capped Region)",80,"HEADQUARTERS TAVERN",144.9071045,3031,"Club","FLEMINGTON",80,"EPSOM ROAD",338,"Metro","City of Melbourne",-37.7891
"Yarra Ranges Shire",50,"HEALESVILLE RSL",145.5211945,3777,"Club","HEALESVILLE",49,"275-279 MAROONDAH HIGHWAY",339,"Metro","Shire of Yarra Ranges",-37.6518
"Kingston City",41,"HIGHETT RETURNED & SERVICES CLUB",145.0431976,3190,"Club","HIGHETT",41,"1 STATION STREET",345,"Metro","City of Kingston",-37.9499
"Hume (Capped Region)",80,"HIGHLANDS HOTEL",144.9216003,3064,"Hotel","CRAIGIEBURN",80,"301 GRAND BOULEVARD",346,"Metro","City of Hume",-37.5748
"Maribyrnong (Capped Region)",70,"HIGHPOINT TAVERNER",144.8883057,3032,"Hotel","MARIBYRNONG",70,"HIGHPOINT SHOPPING CENTRE, 200 ROSAMOND ROAD",347,"Metro","City of Maribyrnong",-37.7731
"Greater Dandenong (Capped Region)",90,"HIGHWAYS SANDOWN",145.1719971,3171,"Club","SPRINGVALE",90,"591-659 PRINCES HWY",348,"Metro","City of Greater Dandenong",-37.9475
"Greater Shepparton (Capped Region)",10,"HILL TOP GOLF AND COUNTRY CLUB",145.2359924,3616,"Club","TATURA",10,"GOWRIE STREET",349,"Country","City of Greater Shepparton",-36.4329
"Mitchell Shire",45,"HOGANS HOTEL",144.9803009,3756,"Hotel","WALLAN",45,"92 HIGH STREET",350,"Country","Shire of Mitchell",-37.4123
"Wyndham (Capped Region)",91,"HOPPERS CROSSING CLUB",144.6923981,3029,"Club","HOPPERS CROSSING",91,"180 - 200 PANNAM DRIVE",352,"Metro","City of Wyndham",-37.8693
"Wyndham (Capped Region)",55,"HOPPERS CROSSING SPORTS CLUB",144.6938934,3029,"Club","HOPPERS CROSSING",55,"HOGANS RESERVE, HOGANS ROAD",353,"Metro","City of Wyndham",-37.8628
"Horsham Rural City",36,"HORSHAM RSL",142.1999969,3400,"Club","HORSHAM",36,"36 MCLACHLAN STREET",355,"Country","Rural City of Horsham",-36.7129
"Horsham Rural City",83,"HORSHAM SPORTS & COMMUNITY CLUB",142.1985931,3400,"Club","HORSHAM",83,"177-181 BAILLIE ST",356,"Country","Rural City of Horsham",-36.712
"Wyndham City (Municipal Limit)",65,"HOTEL 520 ON SAYERS",144.6891937,3029,"Hotel","TARNEIT",65,"520 SAYERS  ROAD",357,"Metro","City of Wyndham",-37.8477
"Latrobe (Capped Region)",42,"ITALIAN AUSTRALIAN SPORTING AND SOCIAL CLUB OF GIPPSLAND",146.433197,3840,"Club","MORWELL",42,"499-501 PRINCES HIGHWAY",368,"Country","City of La Trobe",-38.2333
"Wyndham (Capped Region)",70,"ITALIAN SPORTS CLUB OF WERRIBEE",144.6475983,3030,"Club","WERRIBEE",70,"601 HEATHS ROAD",369,"Metro","City of Wyndham",-37.884
"Banyule (Capped Region)",85,"IVANHOE HOTEL",145.0419006,3079,"Hotel","IVANHOE",85,"120 UPPER HEIDELBERG ROAD",370,"Metro","City of Banyule",-37.7694
"Greater Geelong and Queenscliffe (Capped Region)",47,"JOKERS ON RYRIE",144.3621063,3220,"Hotel","GEELONG",47,"211 RYRIE STREET",374,"Country","City of Greater Geelong",-38.1498
"Darebin (Capped Region)",46,"JUNCTION HOTEL",145.0021057,3072,"Hotel","PRESTON",46,"1 PLENTY ROAD",375,"Metro","City of Darebin",-37.7511
"Greater Bendigo City",60,"KANGAROO FLAT SPORTS CLUB",144.2400055,3555,"Club","KANGAROO FLAT",60,"DOWER PARK, MACKENZIE STREET WEST",377,"Country","City of Greater Bendigo",-36.7937
"Frankston (Capped Region)",29,"KARINGAL BOWLING CLUB",145.1564941,3199,"Club","FRANKSTON",29,"248 SKYE ROAD",378,"Metro","City of Frankston",-38.1372
"Brimbank (Capped Region)",86,"KEALBA HOTEL",144.8289032,3021,"Hotel","KEALBA",86,"CNR SUNSHINE AVENUE & MAIN ROAD EAST",379,"Metro","City of Brimbank",-37.7471
"Moonee Valley (Capped Region)",39,"KEILOR EAST RSL",144.8901062,3040,"Club","ESSENDON",39,"12-22 HOFFMANS ROAD",380,"Metro","City of Moonee Valley",-37.7525
"Brimbank (Capped Region)",50,"KEILOR HOTEL",144.8365021,3036,"Hotel","KEILOR",50,"670 OLD CALDER HIGHWAY",382,"Metro","City of Brimbank",-37.7193
"Gannawarra Shire",45,"KERANG SPORTS AND ENTERTAINMENT VENUE",143.9207001,3579,"Club","KERANG",45,"25 VICTORIA STREET",386,"Country","Shire of Gannawarra",-35.7348
"Greater Dandenong (Capped Region)",89,"KEYSBOROUGH HOTEL",145.1622925,3173,"Hotel","KEYSBOROUGH",89,"CNR CORRIGAN & CHELTENHAM RDS",389,"Metro","City of Greater Dandenong",-37.9923
"Mitchell Shire",76,"KILMORE TRACKSIDE",144.9611969,3764,"Club","KILMORE",76,"EAST STREET",390,"Country","Shire of Mitchell",-37.2932
"Mornington Peninsula Shire",33,"KINGS CREEK HOTEL",145.1842041,3915,"Hotel","HASTINGS",33,"1989 FRANKSTON-FLINDERS ROAD",392,"Metro","Mornington Peninsula Shire",-38.2989
"Mornington Peninsula Shire",40,"KIRKPATRICKS HOTEL",145.0328064,3931,"Hotel","MORNINGTON",40,"774 THE ESPLANADE",393,"Metro","Mornington Peninsula Shire",-38.2181
"Knox City",100,"KNOX CLUB",145.2429962,3152,"Club","WANTIRNA",100,"CNR STUD & BORONIA ROADS",394,"Metro","City of Knox",-37.8535
"Knox City",73,"KNOX TAVERN",145.2444,3152,"Hotel","WANTIRNA SOUTH",73,"1 CAPITAL CITY BOULEVARD, KNOX DISTRICT CENTRE",395,"Metro","City of Knox",-37.8701
"Hobsons Bay (Capped Region)",61,"KOORINGAL GOLF CLUB",144.8119965,3018,"Club","ALTONA",61,"WILGA AVENUE",397,"Metro","City of Hobsons Bay",-37.8736
"South Gippsland Shire",16,"KORUMBURRA HOTEL",145.822998,3950,"Hotel","KORUMBURRA",16,"81 COMMERCIAL STREET",400,"Country","Shire of South Gippsland",-38.4319
"Campaspe Shire",53,"KYABRAM CLUB",145.0410004,3620,"Club","KYABRAM",53,"82 ALLAN STREET",402,"Country","Shire of Campaspe",-36.3138
"Macedon Ranges Shire",25,"KYNETON BOWLING CLUB",144.4524994,3444,"Club","KYNETON",25,"61-79 MOLLISON STREET",403,"Country","Shire of Macedon Ranges",-37.2497
"Macedon Ranges Shire",28,"KYNETON RSL",144.4523926,3444,"Club","KYNETON",28,"37-39 MOLLISON STREET",404,"Country","Shire of Macedon Ranges",-37.2515
"East Gippsland (Capped Region)",63,"LAKES ENTRANCE BOWLS CLUB",147.9886932,3909,"Club","LAKES ENTRANCE",63,"CNR BULMER & ROWE STREETS",407,"Country","Shire of East Gippsland",-37.8779
"East Gippsland (Capped Region)",35,"LAKES ENTRANCE RSL",147.9808044,3909,"Club","LAKES ENTRANCE",35,"221 THE ESPLANADE",408,"Country","Shire of East Gippsland",-37.8812
"Wellington (Capped Region)",33,"LAKESIDE CLUB",147.080307,3850,"Club","Sale",33,"2 FOSTER STREET",409,"Country","Shire of Wellington",-38.1118
"Whittlesea (Capped Region)",36,"LALOR BOWLING CLUB",145.0218048,3075,"Club","LALOR",36,"CNR SYDNEY CRESCENT & GORDON STREET",412,"Metro","City of Whittlesea",-37.6668
"Frankston City (Municipal Limit)",62,"LANGWARRIN HOTEL",145.1949005,3910,"Hotel","LANGWARRIN",62,"CNR UNION & CRANBOURNE ROADS",414,"Metro","City of Frankston",-38.1513
"Greater Geelong and Queenscliffe (Capped Region)",40,"LARA HOTEL",144.4140015,3212,"Hotel","LARA",40,"8 -12 HICKS STREET",415,"Country","City of Greater Geelong",-38.0237
"Greater Geelong and Queenscliffe (Capped Region)",50,"LARA SPORTING CLUB",144.4138031,3212,"Club","LARA",50,"MILL ROAD",416,"Country","City of Greater Geelong",-38.0203
"South Gippsland Shire",44,"LEONGATHA RSL",145.9452057,3953,"Club","LEONGATHA",44,"CORNER SMITH STREET AND MICHAEL PLACE",418,"Country","Shire of South Gippsland",-38.4754
"Greater Geelong and Queenscliffe (Capped Region)",35,"LEOPOLD SPORTSMANS CLUB",144.4658051,3224,"Club","LEOPOLD",35,"135 KENSINGTON ROAD",420,"Country","City of Greater Geelong",-38.1769
"Moonee Valley (Capped Region)",38,"LINCOLNSHIRE ARMS HOTEL",144.9096985,3040,"Hotel","ESSENDON",38,"1 KEILOR ROAD",422,"Metro","City of Moonee Valley",-37.7445
"Kingston City",49,"LONG BEACH HOTEL",145.1148987,3196,"Hotel","CHELSEA",49,"380 NEPEAN HIGHWAY",425,"Metro","City of Kingston",-38.0508
"Greater Geelong and Queenscliffe (Capped Region)",60,"LORD OF THE ISLES TAVERN",144.3495026,3220,"Hotel","NEWTOWN",60,"3 WEST FYANS STREET",427,"Country","City of Greater Geelong",-38.1603
"Surf Coast Shire",10,"LORNE HOTEL",143.9756927,3232,"Hotel","LORNE",10,"176 MOUNTJOY PARADE",428,"Country","Surf Coast Shire",-38.5431
"Banyule City (Municipal Limit)",85,"LOWER PLENTY HOTEL",145.1087952,3093,"Hotel","LOWER PLENTY",85,"2-8 MAIN ROAD",429,"Metro","City of Banyule",-37.7303
"Casey (Capped Region)",55,"LYNBROOK HOTEL",145.2514038,3975,"Hotel","LYNBROOK",55,"550 SOUTH GIPPSLAND HIGHWAY",431,"Metro","City of Casey",-38.0438
"Moreland (Capped Region)",0,"LYNDHURST CLUB HOTEL",144.9727936,3057,"Hotel","EAST BRUNSWICK",30,"513 LYGON STREET",432,"Metro","City of Moreland",-37.7621
"Melton City",82,"MAC'S HOTEL (MELTON)",144.5802002,3337,"Hotel","MELTON",82,"322-332 HIGH STREET",435,"Metro","City of Melton",-37.6826
"Warrnambool (Capped Region)",31,"MAC'S HOTEL (WARRNAMBOOL)",142.4810944,3280,"Hotel","WARRNAMBOOL",31,"199 FAIRY STREET",436,"Country","City of Warrnambool",-38.3782
"Wellington (Capped Region)",35,"MAFFRA COMMUNITY SPORTS CLUB",146.9779968,3860,"Club","MAFFRA",35,"122 JOHNSON STREET",438,"Country","Shire of Wellington",-37.9673
"Mitchell Shire",24,"MAGPIE AND STUMP HOTEL",145.0247955,3758,"Hotel","WANDONG",24,"3313 EPPING KILMORE ROAD",439,"Country","Shire of Mitchell",-37.3557
"Melbourne CBD, Docklands & Southbank Precincts",80,"MAIL EXCHANGE HOTEL",144.953344,3000,"Hotel","MELBOURNE",80,"688 BOURKE STREET",440,"Metro","City of Melbourne",-37.816672
"Stonnington City",30,"MALVERN VALE CLUB HOTEL",145.0381927,3144,"Hotel","MALVERN",30,"1321 MALVERN ROAD",445,"Metro","City of Stonnington",-37.8541
"Maroondah (Capped Region)",72,"MANHATTAN HOTEL",145.2140961,3134,"Hotel","RINGWOOD",72,"CNR CANTERBURY & HEATHERDALE ROADS",446,"Metro","City of Maroondah",-37.8309
"Manningham City",90,"MANNINGHAM CLUB",145.0812988,3105,"Club","BULLEEN",90,"1 THOMPSONS ROAD",447,"Metro","City of Manningham",-37.7775
"Mansfield Shire",40,"MANSFIELD GOLF CLUB",146.0769043,3722,"Club","MANSFIELD",40,"KIDSTON PARADE",449,"Country","Shire of Mansfield",-37.061
"Maroondah (Capped Region)",44,"MAROONDAH SPORTS CLUB",145.2453003,3135,"Club","RINGWOOD EAST",44,"CNR MT DANDENONG ROAD AND DUBLIN ROAD",454,"Metro","City of Maroondah",-37.809
"Central Goldfields (Capped Region)",40,"MARYBOROUGH GOLF CLUB",143.7424927,3465,"Club","MARYBOROUGH",40,"125 PARK ROAD",455,"Country","Shire of Central Goldfields",-37.0319
"Central Goldfields (Capped Region)",59,"MARYBOROUGH HIGHLAND SOCIETY",143.733902,3465,"Club","MARYBOROUGH",59,"35 HIGH STREET",456,"Country","Shire of Central Goldfields",-37.0489
"Monash (Capped Region)",75,"MATTHEW FLINDERS TAVERNER",145.0924072,3148,"Hotel","CHADSTONE",75,"655 - 667 WARRIGAL ROAD",457,"Metro","City of Monash",-37.8768
"South Gippsland Shire",20,"MCCARTINS HOTEL",145.9459991,3953,"Hotel","LEONGATHA",20,"2 BAIR STREET",458,"Country","Shire of South Gippsland",-38.4767
"Glen Eira City",45,"MCKINNON HOTEL",145.0424957,3204,"Hotel","MCKINNON",45,"251 MCKINNON ROAD",463,"Metro","City of Glen Eira",-37.9113
"Hume (Capped Region)",70,"MEADOW INN HOTEL",144.9573059,3060,"Hotel","FAWKNER",70,"1435 SYDNEY ROAD",464,"Metro","City of Hume",-37.6902
"Melton City",90,"MELTON COUNTRY CLUB",144.5924072,3337,"Club","MELTON",90,"MELTON RECREATION RESERVE, RESERVE ROAD",467,"Metro","City of Melton",-37.6847
"Kingston City",25,"MENTONE RSL",145.0662994,3194,"Club","MENTONE",25,"9 PALERMO STREET",468,"Metro","City of Kingston",-37.9896
"Mildura Rural City",20,"MERBEIN CITIZENS CLUB",142.0615997,3505,"Club","MERBEIN",20,"108 COMMERCIAL STREET",470,"Country","Rural City of Mildura",-34.1833
"Melbourne CBD, Docklands & Southbank Precincts",90,"MERCURE GRAND HOTEL ON SWANSTON",144.9649963,3000,"Hotel","MELBOURNE",90,"195 SWANSTON STREET",471,"Metro","City of Melbourne",-37.813
"Ballarat (Capped Region)",32,"MIDLANDS GOLF CLUB",143.8558044,3350,"Club","BALLARAT",32,"330 HEINZ LANE",475,"Country","City of Ballarat",-37.5266
"Bayside City",48,"MILANO'S HOTEL",144.9877014,3186,"Hotel","BRIGHTON",48,"4 THE ESPLANADE",476,"Metro","City of Bayside",-37.9263
"Mildura Rural City",75,"MILDURA GATEWAY TAVERN",142.1412964,3500,"Hotel","MILDURA",75,"CNR 15TH STREET & SANMATEO AVENUE",477,"Country","Rural City of Mildura",-34.2114
"Mildura Rural City",20,"MILDURA GOLF CLUB",142.1376953,3500,"Club","MILDURA",20,"TWELFTH STREET",478,"Country","Rural City of Mildura",-34.1777
"Mildura Rural City",45,"MILDURA RSL",142.1600037,3500,"Club","MILDURA",45,"130 MADDEN AVENUE",479,"Country","Rural City of Mildura",-34.1896
"Mildura Rural City",67,"MILDURA WORKING MANS SPORTS & SOCIAL CLUB",142.1611023,3500,"Club","MILDURA",67,"90-124 DEAKIN AVENUE",480,"Country","Rural City of Mildura",-34.1871
"Hobsons Bay (Capped Region)",70,"MILLERS INN HOTEL",144.8468933,3025,"Hotel","ALTONA NORTH",70,"204 MILLERS ROAD",482,"Metro","City of Hobsons Bay",-37.8353
"Whitehorse City",60,"MITCHAM HOTEL",145.1940002,3132,"Hotel","MITCHAM",60,"556 MAROONDAH HIGHWAY",484,"Metro","City of Whitehorse",-37.8167
"East Gippsland (Capped Region)",16,"MITCHELL RIVER TAVERN",147.6345978,3875,"Hotel","BAIRNSDALE",16,"59-61 MAIN STREET",485,"Country","Shire of East Gippsland",-37.8258
"Latrobe (Capped Region)",22,"MOE HOTEL",146.2619019,3825,"Hotel","MOE",22,"45 LLOYD STREET",486,"Country","City of La Trobe",-38.1775
"Latrobe (Capped Region)",75,"MOE RACING CLUB",146.2516937,3825,"Club","MOE",75,"WATERLOO ROAD",487,"Country","City of La Trobe",-38.1761
"Latrobe (Capped Region)",45,"MOE RSL CLUB",146.2626038,3825,"Club","MOE",45,"63 ALBERT STREET",488,"Country","City of La Trobe",-38.1751
"Monash (Capped Region)",44,"MONASH HOTEL",145.1376953,3168,"Hotel","CLAYTON",44,"2071 - 2091 DANDENONG ROAD",490,"Metro","City of Monash",-37.9198
"Yarra Ranges Shire",30,"MONBULK BOWLING CLUB",145.4095001,3793,"Club","MONBULK",30,"11 MOORES ROAD",491,"Metro","Shire of Yarra Ranges",-37.874
"Banyule City (Municipal Limit)",50,"MONTMORENCY RSL",145.1257019,3094,"Club","MONTMORENCY",50,"PETRIE PARK, 16 MOUNTAIN VIEW ROAD",492,"Metro","City of Banyule",-37.717
"Moonee Valley (Capped Region)",105,"MOONEE VALLEY RACING CLUB",144.9221954,3039,"Club","MOONEE PONDS",104,"CORNER WILSON & THOMAS STREET",493,"Metro","City of Moonee Valley",-37.7658
"Greater Shepparton (Capped Region)",40,"MOOROOPNA GOLF CLUB",145.3600006,3629,"Club","MOOROOPNA",40,"2 FAIRWAY DRIVE",495,"Country","City of Greater Shepparton",-36.3866
"Kingston City",82,"MORDIALLOC SPORTING CLUB",145.0847931,3195,"Club","MORDIALLOC",82,"528 MAIN STREET",496,"Metro","City of Kingston",-38.0053
"Moreland (Capped Region)",70,"MORELAND HOTEL",144.9644012,3056,"Hotel","BRUNSWICK",70,"882-888 SYDNEY ROAD",497,"Metro","City of Moreland",-37.7557
"Mornington Peninsula Shire",30,"MORNINGTON ON TANTI HOTEL",145.0480957,3931,"Hotel","MORNINGTON",30,"917 NEPEAN HIGHWAY",498,"Metro","Mornington Peninsula Shire",-38.226
"Latrobe (Capped Region)",69,"MORWELL BOWLING CLUB",146.3930054,3840,"Club","MORWELL",69,"52 HAZELWOOD ROAD",499,"Country","City of La Trobe",-38.2419
"Latrobe (Capped Region)",35,"MORWELL CLUB",146.391098,3840,"Club","MORWELL",35,"136 HELEN STREET",500,"Country","City of La Trobe",-38.234
"Latrobe (Capped Region)",15,"MORWELL HOTEL",146.4100952,3840,"Hotel","MORWELL",15,"CORNER VINCENT STREET & PRINCES HIGHWAY",501,"Country","City of La Trobe",-38.2387
"Latrobe (Capped Region)",46,"MORWELL RSL",146.3963928,3840,"Club","MORWELL",46,"52 ELGIN STREET",502,"Country","City of La Trobe",-38.24
"Casey (Capped Region)",70,"MOTOR CLUB HOTEL",145.283493,3977,"Hotel","CRANBOURNE",70,"38-56 HIGH STREET",504,"Metro","City of Casey",-38.1114
"Monash City (Municipal Limit)",62,"MOUNTAIN VIEW HOTEL",145.1674042,3150,"Hotel","GLEN WAVERLEY",62,"186 SPRINGVALE ROAD",508,"Metro","City of Monash",-37.8739
"Monash City (Municipal Limit)",105,"MULGRAVE COUNTRY CLUB",145.1853027,3150,"Club","WHEELERS HILL",105,"CNR JELLS AND WELLINGTON RD",513,"Metro","City of Monash",-37.921
"Moonee Valley (Capped Region)",80,"MVRC JUNCTION CLUB",144.925705,3039,"Club","MOONEE PONDS",80,"740 MT ALEXANDER ROAD",514,"Metro","City of Moonee Valley",-37.7674
"Monash (Capped Region)",92,"MVRC LEIGHOAK CLUB",145.0930023,3166,"Club","OAKLEIGH",92,"CNR PRINCES HIGHWAY & ATKINSON STREET",515,"Metro","City of Monash",-37.8931
"Alpine Shire",40,"MYRTLEFORD SAVOY SPORTING CLUB",146.7151031,3737,"Club","MYRTLEFORD",40,"252-254 MYRTLE STREET",516,"Country","Alpine Shire",-36.5545
"Strathbogie Shire",32,"NAGAMBIE LAKES ENTERTAINMENT CENTRE",145.1533966,3608,"Club","NAGAMBIE",32,"HIGH STREET",517,"Country","Shire of Strathbogie",-36.7846
"Bayside City",50,"NEW BAY HOTEL",144.9927063,3186,"Hotel","Brighton",50,"329 New Street",521,"Metro","City of Bayside",-37.9045
"Latrobe (Capped Region)",23,"NEWBOROUGH BOWLING CLUB",146.2996979,3825,"Club","NEWBOROUGH",23,"CNR MONASH & COACH ROADS",522,"Country","City of La Trobe",-38.182
"Moonee Valley (Capped Region)",68,"NEWMARKET TAVERN",144.9279938,3031,"Hotel","NEWMARKET",68,"386 RACECOURSE ROAD",524,"Metro","City of Moonee Valley",-37.7873
"Greater Dandenong (Capped Region)",50,"NOBLE PARK FOOTBALL SOCIAL CLUB",145.1681061,3174,"Club","NOBLE PARK",50,"46 MOODEMERE STREET",528,"Metro","City of Greater Dandenong",-37.9769
"Greater Dandenong (Capped Region)",35,"NOBLE PARK RSL",145.1761017,3174,"Club","NOBLE PARK",35,"1128 HEATHERTON ROAD",529,"Metro","City of Greater Dandenong",-37.9656
"Greater Geelong and Queenscliffe (Capped Region)",84,"NORLANE HOTEL",144.355896,3214,"Hotel","NORLANE",84,"2-6 PRINCES HIGHWAY",531,"Country","City of Greater Geelong",-38.0985
"Ballarat (Capped Region)",70,"NORTH BALLARAT SPORTS CLUB",143.8491058,3350,"Club","BALLARAT",70,"BALLARAT SHOWGROUNDS RESERVE, CRESWICK ROAD",532,"Country","City of Ballarat",-37.5416
"Moreland (Capped Region)",85,"NORTHCOTE PARK FOOTBALL CLUB",144.9602966,3056,"Club","BRUNSWICK",85,"71 SYDNEY ROAD",535,"Metro","City of Moreland",-37.7759
"Moira Shire",60,"NUMURKAH GOLF & BOWLS CLUB",145.4398041,3636,"Club","NUMURKAH",60,"TUNNOCK ROAD",539,"Country","Shire of Moira",-36.0984
"Monash (Capped Region)",45,"OAKLEIGH JUNCTION HOTEL",145.0877075,3166,"Hotel","OAKLEIGH",45,"1 PORTMAN STREET",541,"Metro","City of Monash",-37.8993
"Greater Geelong and Queenscliffe (Capped Region)",60,"OCEAN GROVE BOWLING CLUB",144.5169067,3226,"Club","OCEAN GROVE",60,"18 THE TERRACE",543,"Country","City of Greater Geelong",-38.2659
"Banyule (Capped Region)",93,"OLD ENGLAND HOTEL",145.0686951,3084,"Hotel","HEIDELBERG",93,"459 LOWER HEIDELBERG ROAD",545,"Metro","City of Banyule",-37.7581
"Yarra Ranges Shire",47,"OLINDA CREEK HOTEL",145.3489075,3140,"Hotel","LILYDALE",47,"161 MAIN STREET",546,"Metro","Shire of Yarra Ranges",-37.7569
"Hume (Capped Region)",43,"OLIVE TREE HOTEL",144.7281036,3429,"Hotel","SUNBURY",43,"111 EVANS STREET",547,"Metro","City of Hume",-37.5818
"Darebin (Capped Region)",80,"OLYMPIC HOTEL",145.0214996,3072,"Hotel","PRESTON",80,"31 ALBERT STREET",548,"Metro","City of Darebin",-37.7465
"Mildura Rural City",5,"OUYEN CLUB",142.3161011,3490,"Club","OUYEN",5,"9 PICKERING STREET",552,"Country","Rural City of Mildura",-35.0698
"Cardinia Shire",70,"PAKENHAM HOTEL",145.4649048,3810,"Hotel","PAKENHAM",70,"226 PRINCES HIGHWAY",555,"Metro","Shire of Cardinia",-38.0638
"Boroondara City",40,"PALACE HOTEL",145.0572968,3124,"Hotel","CAMBERWELL",40,"893 BURKE ROAD",557,"Metro","City of Boroondara",-37.8262
"Yarra City",30,"PARKVIEW HOTEL",144.9835968,3068,"Hotel","FITZROY NORTH",30,"131 SCOTCHMER STREET",561,"Metro","City of Yarra",-37.783
"Moreland City (Municipal Limit)",47,"PASCOE VALE RSL",144.9382935,3044,"Club","PASCOE VALE",47,"40 CUMBERLAND ROAD",562,"Metro","City of Moreland",-37.7346
"Moreland City (Municipal Limit)",42,"PASCOE VALE TAVERNER HOTEL",144.9286041,3044,"Hotel","PASCOE VALE",42,"12 RAILWAY PARADE",564,"Metro","City of Moreland",-37.7295
"Mornington Peninsula Shire",35,"PENINSULA CLUB",144.9656067,3936,"Club","DROMANA",35,"1-3 NOEL STREET",567,"Metro","Mornington Peninsula Shire",-38.3341
"Greater Geelong and Queenscliffe (Capped Region)",55,"PENINSULA HOTEL MOTEL",144.4062042,3219,"Hotel","NEWCOMB",55,"QUEENSCLIFF ROAD",568,"Country","City of Greater Geelong",-38.1736
"Greater Shepparton (Capped Region)",20,"PEPPERMILL INN HOTEL MOTEL",145.394104,3631,"Hotel","KIALLA",20,"7900 GOULBURN VALLEY HIGHWAY",569,"Country","City of Greater Shepparton",-36.4198
"Bass Coast (Capped Region)",58,"PHILLIP ISLAND RSL",145.2398987,3922,"Club","COWES",58,"225-243 THOMPSON AVENUE",571,"Country","Bass Coast Shire",-38.463
"Greater Geelong and Queenscliffe (Capped Region)",28,"PHOENIX HOTEL",144.3616028,3220,"Hotel","GEELONG",28,"59 MOORABOOL STREET",572,"Country","City of Greater Geelong",-38.1462
"Frankston (Capped Region)",58,"PIER HOTEL",145.1199036,3199,"Hotel","FRANKSTON",58,"508 NEPEAN HIGHWAY",573,"Metro","City of Frankston",-38.1449
"Wangaratta Rural City",44,"PINSENT HOTEL",146.3278046,3677,"Hotel","WANGARATTA",44,"20 REID STREET",575,"Country","Rural City of Wangaratta",-36.3558
"Greater Dandenong (Capped Region)",25,"PLAYERS HOTEL",145.2131042,3175,"Hotel","DANDENONG",25,"1-5 SCOTT STREET",577,"Metro","City of Greater Dandenong",-37.9864
"Melbourne (Capped Region)",66,"PLAYERS ON LYGON",144.9669952,3053,"Hotel","CARLTON",66,"186-200 LYGON STREET",578,"Metro","City of Melbourne",-37.8024
"Whittlesea (Capped Region)",100,"PLOUGH HOTEL",145.0608063,3082,"Hotel","MILL PARK",100,"CHILDS ROAD",579,"Metro","City of Whittlesea",-37.6668
"Greater Geelong and Queenscliffe (Capped Region)",35,"POLISH COMMUNITY ASSOC IN GEELONG",144.378006,3219,"Club","BREAKWATER",35,"46-48 FELLMONGERS ROAD",582,"Country","City of Greater Geelong",-38.1809
"Greater Geelong and Queenscliffe (Capped Region)",65,"PORTARLINGTON GOLF CLUB",144.670105,3223,"Club","PORTARLINGTON",65,"130 HOOD ROAD",585,"Country","City of Greater Geelong",-38.1238
"Glenelg Shire",25,"PORTLAND FOOTBALL NETBALL CRICKET CLUB",141.5993042,3305,"Club","PORTLAND",25,"HANLON PARK, HENTY STREET",586,"Country","Shire of Glenelg",-38.3451
"Glenelg Shire",40,"PORTLAND RSL MEMORIAL BOWLING CLUB",141.6060944,3305,"Club","PORTLAND",40,"33 CAPE NELSON ROAD",587,"Country","Shire of Glenelg",-38.3594
"Maribyrnong (Capped Region)",47,"POWELL HOTEL",144.8892059,3011,"Hotel","FOOTSCRAY",47,"202 BALLARAT ROAD",589,"Metro","City of Maribyrnong",-37.7906
"Stonnington City",81,"PRAHRAN FOOTBALL SOCIAL CLUB",144.9927979,3181,"Club","PRAHRAN",81,"1ST FLOOR, 328-338 CHAPEL STREET",590,"Metro","City of Stonnington",-37.8489
"Darebin (Capped Region)",40,"PRESTON HOTEL",145.0043945,3072,"Hotel","PRESTON",40,"635 HIGH STREET",592,"Metro","City of Darebin",-37.7332
"Casey (Capped Region)",79,"PRINCE MARK HOTEL",145.2342072,3177,"Hotel","DOVETON",79,"CORNER POWER ROAD & PRINCES HIGHWAY",594,"Metro","City of Casey",-38.0005
"Yarra City",20,"PUNTERS PALACE",144.9844055,3066,"Hotel","COLLINGWOOD",20,"314 SMITH STREET",596,"Metro","City of Yarra",-37.7997
"Greater Geelong and Queenscliffe (Capped Region)",30,"QUEENSCLIFF BOWLING TENNIS AND CROQUET CLUB",144.656601,3225,"Club","QUEENSCLIFF",30,"118 HESSE STREET",600,"Country","Borough of Queenscliffe",-38.2719
"Stonnington City",40,"RACECOURSE HOTEL (MALVERN EAST)",145.0455933,3145,"Hotel","MALVERN EAST",40,"895 DANDENONG ROAD",602,"Metro","City of Stonnington",-37.8758
"Wyndham (Capped Region)",52,"RACECOURSE HOTEL (WERRIBEE)",144.6528931,3030,"Hotel","WERRIBEE",52,"78 COTTRELL STREET",603,"Metro","City of Wyndham",-37.9017
"Warrnambool (Capped Region)",19,"RAFFERTY'S TAVERN",142.4600067,3280,"Hotel","WARRNAMBOOL",19,"CORNER WALSH ROAD AND PRINCES HIGHWAY",604,"Country","City of Warrnambool",-38.3651
"Mitchell Shire",33,"RAILWAY CLUB HOTEL",145.1378937,3660,"Hotel","SEYMOUR",33,"28 STATION STREET",606,"Country","Shire of Mitchell",-37.0239
"Mildura Rural City",34,"RED CLIFFS CLUB",142.1876984,3496,"Club","RED CLIFFS",34,"11 HEYTESBURY AVENUE",617,"Country","Rural City of Mildura",-34.3046
"Ballarat (Capped Region)",54,"RED LION HOTEL",143.8701019,3350,"Hotel","BALLARAT",54,"217-221 MAIN ROAD",618,"Country","City of Ballarat",-37.5689
"Darebin (Capped Region)",68,"RESERVOIR RSL",145.0057983,3073,"Club","RESERVOIR",68,"251 SPRING STREET",620,"Metro","City of Darebin",-37.7173
"Hobsons Bay (Capped Region)",40,"RIFLE CLUB HOTEL",144.8887939,3016,"Hotel","WILLIAMSTOWN",40,"121 VICTORIA STREET",623,"Metro","City of Hobsons Bay",-37.8581
"Maroondah (Capped Region)",70,"RINGWOOD RSL",145.2285004,3134,"Club","RINGWOOD",70,"16 STATION STREET",624,"Metro","City of Maroondah",-37.8168
"Greater Bendigo City",35,"RISING SUN HOTEL",144.2828064,3550,"Hotel","BENDIGO",35,"84 BARNARD STREET",627,"Country","City of Greater Bendigo",-36.7502
"Boroondara City",42,"RIVERSDALE HOTEL",145.0437927,3122,"Hotel","HAWTHORN",42,"277 AUBURN ROAD",629,"Metro","City of Boroondara",-37.8301
"Frankston (Capped Region)",40,"RIVIERA HOTEL",145.1235046,3198,"Hotel","SEAFORD",40,"30 NEPEAN HIGHWAY",630,"Metro","City of Frankston",-38.0888
"Ballarat (Capped Region)",20,"ROBIN HOOD HOTEL",143.8636932,3350,"Hotel","BALLARAT",20,"33 PEEL STREET NORTH",631,"Country","City of Ballarat",-37.5613
"Swan Hill Rural City",68,"ROBINVALE GOLF CLUB",142.7798004,3549,"Club","ROBINVALE",68,"4240 MURRAY VALLEY HIGHWAY",632,"Country","Rural City of Swan Hill",-34.6013
"Darebin (Capped Region)",44,"ROSE SHAMROCK & THISTLE HOTEL",145.0166931,3073,"Hotel","EAST RESERVOIR",44,"709 PLENTY ROAD",635,"Metro","City of Darebin",-37.7291
"Mornington Peninsula Shire",40,"ROSEBUD COUNTRY CLUB",144.8993988,3939,"Club","ROSEBUD",40,"BONEO ROAD",636,"Metro","Mornington Peninsula Shire",-38.3788
"Mornington Peninsula Shire",70,"ROSEBUD HOTEL",144.902298,3939,"Hotel","ROSEBUD",70,"1099 POINT NEPEAN ROAD",637,"Metro","Mornington Peninsula Shire",-38.3567
"Mornington Peninsula Shire",75,"ROSEBUD RSL",144.9044952,3939,"Club","ROSEBUD",75,"117 EASTBOURNE ROAD",638,"Metro","Mornington Peninsula Shire",-38.368
"Glen Eira City",103,"ROSSTOWN HOTEL",145.0576019,3163,"Hotel","CARNEGIE",103,"1084 DANDENONG ROAD",639,"Metro","City of Glen Eira",-37.8843
"Hume (Capped Region)",80,"ROXBURGH PARK HOTEL",144.929306,3064,"Hotel","ROXBURGH PARK",80,"CNR SOMERTON & PASCOE VALE RDS",640,"Metro","City of Hume",-37.6415
"Latrobe (Capped Region)",20,"ROYAL EXCHANGE HOTEL",146.5355988,3844,"Hotel","TRARALGON",20,"64 PRINCES HIGHWAY",642,"Country","City of La Trobe",-38.1983
"Benalla City",30,"ROYAL HOTEL (BENALLA)",145.976593,3672,"Hotel","BENALLA",30,"2 BRIDGE STREET",645,"Country","Rural City of Benalla",-36.554
"Hepburn Shire",18,"ROYAL HOTEL (DAYLESFORD)",144.1430969,3460,"Hotel","DAYLESFORD",18,"27 VINCENT STREET",646,"Country","Shire of Hepburn",-37.3418
"Moonee Valley (Capped Region)",60,"ROYAL HOTEL (ESSENDON)",144.917099,3040,"Hotel","ESSENDON",60,"873 MT ALEXANDER ROAD",647,"Metro","City of Moonee Valley",-37.7556
"Hume (Capped Region)",31,"ROYAL HOTEL (SUNBURY)",144.729599,3429,"Hotel","SUNBURY",31,"63 EVANS STREET",648,"Metro","City of Hume",-37.5802
"Kingston City",76,"ROYAL OAK HOTEL",145.0641937,3192,"Hotel","CHELTENHAM",76,"1375 NEPEAN HIGHWAY",655,"Metro","City of Kingston",-37.9726
"Yarra City",80,"ROYAL OAK RICHMOND",145.0084991,3121,"Club","RICHMOND",80,"527 BRIDGE ROAD",656,"Metro","City of Yarra",-37.8193
"Murrindindi Shire",25,"RUBICON HOTEL",145.7973938,3712,"Hotel","THORNTON",25,"1362 TAGGERTY-THORNTON ROAD",658,"Country","Shire of Murrindindi",-37.2555
"Mornington Peninsula Shire",30,"RYE HOTEL",144.8204956,3941,"Hotel","RYE",30,"2415 POINT NEPEAN ROAD",661,"Metro","Mornington Peninsula Shire",-38.3703
"Mornington Peninsula Shire",80,"RYE RSL CLUB",144.8231049,3941,"Club","RYE",70,"5-11 NELSON STREET",662,"Metro","Mornington Peninsula Shire",-38.3718
"Wellington (Capped Region)",80,"SALE & DISTRICT GREYHOUND RACING CLUB",147.0641022,3850,"Club","SALE",80,"SALE-MAFFRA ROAD",663,"Country","Shire of Wellington",-38.0916
"Wyndham City (Municipal Limit)",70,"SANCTUARY LAKES HOTEL",144.7534943,3030,"Hotel","POINT COOK",70,"280-286 POINT COOK ROAD",665,"Metro","City of Wyndham",-37.8942
"Kingston City",82,"SANDBELT CLUB HOTEL",145.0675049,3189,"Hotel","MOORABBIN",82,"630-646 SOUTH ROAD",667,"Metro","City of Kingston",-37.9384
"Greater Dandenong (Capped Region)",76,"SANDOWN PARK HOTEL",145.1723938,3174,"Hotel","NOBLE PARK",76,"CNR PRINCES HIGHWAY & CORRIGAN ROAD",668,"Metro","City of Greater Dandenong",-37.9491
"Bayside City",40,"SANDRINGHAM HOTEL",145.0032959,3191,"Hotel","SANDRINGHAM",40,"118 BEACH ROAD",669,"Metro","City of Bayside",-37.9512
"Frankston (Capped Region)",65,"SANDS TAVERNER",145.1840057,3201,"Hotel","CARRUM DOWNS",65,"71 HALL ROAD",670,"Metro","City of Frankston",-38.1005
"Frankston (Capped Region)",25,"SEAFORD RSL",145.128006,3198,"Club","SEAFORD",25,"17 STATION STREET",672,"Metro","City of Frankston",-38.1029
"Frankston (Capped Region)",94,"SEAFORD TAVERNER",145.1555023,3198,"Hotel","SEAFORD",94,"CNR SEAFORD & FRANKSTON  DANDENONG ROADS",673,"Metro","City of Frankston",-38.1127
"Hobsons Bay (Capped Region)",66,"SEAGULLS NEST",144.8827057,3015,"Club","NEWPORT",66,"1 MASON STREET",674,"Metro","City of Hobsons Bay",-37.8432
"Ballarat (Capped Region)",50,"SEBASTOPOL BOWLING CLUB",143.8415985,3356,"Club","SEBASTOPOL",50,"213-219 ALBERT STREET",675,"Country","City of Ballarat",-37.6002
"Mitchell Shire",50,"SEYMOUR CLUB",145.1325073,3660,"Club","SEYMOUR",50,"CNR ELIZABETH & TALLAROOK STREETS",676,"Country","Shire of Mitchell",-37.0215
"Greater Bendigo City",60,"SHAMROCK HOTEL",144.281601,3550,"Hotel","BENDIGO",60,"CORNER OF PALL MALL & WILLIAMSON STREET",678,"Country","City of Greater Bendigo",-36.7578
"Melbourne CBD, Docklands & Southbank Precincts",48,"SHANGHAI CLUB",144.9656067,3000,"Hotel","MELBOURNE",48,"242-244 LITTLE BOURKE STREET",680,"Metro","City of Melbourne",-37.8121
"Greater Geelong and Queenscliffe (Capped Region)",77,"SHELL CLUB",144.3601074,3214,"Club","CORIO",77,"76 PURNELL ROAD",681,"Country","City of Greater Geelong",-38.0725
"Greater Shepparton (Capped Region)",56,"SHEPPARTON CLUB",145.3995972,3630,"Club","SHEPPARTON",56,"455 WYNDHAM STREET",682,"Country","City of Greater Shepparton",-36.3845
"Greater Shepparton (Capped Region)",80,"SHEPPARTON RSL",145.3999939,3630,"Club","SHEPPARTON",80,"88 WYNDHAM STREET",683,"Country","City of Greater Shepparton",-36.3744
"Greater Shepparton (Capped Region)",43,"SHERBOURNE TERRACE",145.4008026,3630,"Hotel","SHEPPARTON",43,"109 WYNDHAM STREET",684,"Country","City of Greater Shepparton",-36.3756
"Manningham City",87,"SHOPPINGTOWN HOTEL",145.1237946,3108,"Hotel","DONCASTER",87,"13-21 WILLIAMSONS ROAD",685,"Metro","City of Manningham",-37.7849
"Banyule (Capped Region)",65,"SIR HENRY BARKLY HOTEL",145.0675049,3084,"Hotel","HEIDELBERG",65,"92 BURGUNDY STREET",687,"Metro","City of Banyule",-37.7558
"Moonee Valley (Capped Region)",96,"SKYWAYS TAVERNER",144.8880005,3042,"Hotel","AIRPORT WEST",96,"113 MATHEWS AVENUE",689,"Metro","City of Moonee Valley",-37.7123
"Mornington Peninsula Shire",39,"SOMERVILLE HOTEL",145.1744995,3912,"Hotel","SOMERVILLE",39,"84 STATION STREET",690,"Metro","Mornington Peninsula Shire",-38.2243
"Glen Eira City",40,"SOUTH OAKLEIGH CLUB",145.0756073,3165,"Club","BENTLEIGH EAST",40,"1 VICTOR ROAD",693,"Metro","City of Glen Eira",-37.9313
"Greater Geelong and Queenscliffe (Capped Region)",67,"SPHINX ENTERTAINMENT CENTRE",144.3421936,3215,"Hotel","NORTH GEELONG",67,"2 THOMPSON ROAD",697,"Country","City of Greater Geelong",-38.1259
"Wellington (Capped Region)",74,"SPORTING LEGENDS CLUB",147.0675049,3850,"Club","SALE",74,"233 YORK STREET",700,"Country","Shire of Wellington",-38.1045
"Ballarat (Capped Region)",35,"SPORTSPARK GAMING AND ENTERTAINMENT CENTRE",143.8419037,3355,"Club","WENDOUREE",35,"CNR GREVILLEA ROAD & DOWLING STREET",701,"Country","City of Ballarat",-37.5285
"Greater Dandenong (Capped Region)",55,"SPRINGVALE RSL CLUB",145.1459961,3171,"Club","SPRINGVALE",55,"23 OSBORNE AVENUE",703,"Metro","City of Greater Dandenong",-37.9462
"Wodonga City",0,"SS & A  WODONGA",146.8480072,3690,"Club","WODONGA WEST",0,"CLUB HOUSE PLACE",704,"Country","Rural City of Wodonga",-36.122
"Brimbank (Capped Region)",50,"ST ALBANS HOTEL",144.800293,3021,"Hotel","ST ALBANS",50,"5 MCKECHNIE STREET",705,"Metro","City of Brimbank",-37.7464
"Brimbank (Capped Region)",35,"ST ALBANS SPORTS CLUB",144.7765961,3021,"Club","ST ALBANS",35,"KINGS PARK RESERVE, GILLESPIE ROAD",706,"Metro","City of Brimbank",-37.7326
"Northern Grampians Shire",35,"ST ARNAUD SPORTING CLUB",143.2602997,3478,"Club","ST ARNAUD",35,"LORD NELSON PARK, CHARLTON ROAD",707,"Country","Shire of Northern Grampians",-36.6102
"Greater Geelong and Queenscliffe (Capped Region)",35,"ST GEORGE WORKERS CLUB",144.3482056,3218,"Club","GEELONG WEST",35,"212 PAKINGTON STREET",708,"Country","City of Greater Geelong",-38.1425
"Wodonga City",0,"ST IVES BIERE CAFE",146.9029999,3691,"Hotel","WODONGA",4,"64 LINCOLN CAUSEWAY",709,"Country","Rural City of Wodonga",-36.0955
"Port Phillip City",60,"ST KILDA ARMY & NAVY CLUB",144.9790955,3182,"Club","ST KILDA",53,"88 ACLAND STREET",710,"Metro","City of Port Phillip",-37.8674
"Kingston City",83,"ST KILDA FOOTBALL SOCIAL CLUB",145.0431061,3189,"Club","MOORABBIN",82,"32 - 64 LINTON STREET",711,"Metro","City of Kingston",-37.9373
"Knox City",85,"STAMFORD HOTEL",145.2319946,3178,"Hotel","ROWVILLE",85,"CNR STUD & WELLINGTON ROAD",713,"Metro","City of Knox",-37.9267
"Wellington (Capped Region)",23,"STAR HOTEL (SALE)",147.065506,3850,"Hotel","SALE",23,"173 RAYMOND STREET",715,"Country","Shire of Wellington",-38.109
"Alpine Shire",18,"STAR HOTEL BRIGHT",146.975296,3741,"Hotel","BRIGHT",18,"91 GREAT ALPINE ROAD",716,"Country","Alpine Shire",-36.729
"Northern Grampians Shire",45,"STAWELL HARNESS RACING CLUB",142.7868958,3380,"Club","STAWELL",45,"LAIDLAW PARK, PATRICK STREET",718,"Country","Shire of Northern Grampians",-37.0696
"Mornington Peninsula Shire",85,"STEEPLES",145.0673065,3931,"Club","MORNINGTON",85,"CORNER MORNINGTON-TYABB & RACECOURSE ROAD",719,"Metro","Mornington Peninsula Shire",-38.2388
"Moorabool Shire",40,"STONEYS CLUB",144.4333954,3340,"Club","BACCHUS MARSH",40,"59 GRANT STREET",720,"Country","Shire of Moorabool",-37.6831
"Melton City",62,"SUGAR GUM HOTEL",144.7431946,3037,"Hotel","SYDENHAM",62,"2 GOURLAY ROAD",721,"Metro","City of Melton",-37.6926
"Darebin (Capped Region)",88,"SUMMERHILL HOTEL",145.0265961,3073,"Hotel","RESERVOIR",88,"SHOP 12, 830 PLENTY ROAD",722,"Metro","City of Darebin",-37.7253
"Hume (Capped Region)",78,"SUNBURY BOWLING CLUB",144.7225037,3429,"Club","SUNBURY",78,"49 RIDDELL ROAD",723,"Metro","City of Hume",-37.572
"Hume (Capped Region)",38,"SUNBURY FOOTBALL SOCIAL CLUB",144.7210999,3429,"Club","SUNBURY",38,"CLARKE OVAL, RIDDELL ROAD",724,"Metro","City of Hume",-37.5749
"Hume (Capped Region)",40,"SUNBURY UNITED SPORTING CLUB",144.709198,3429,"Club","SUNBURY",40,"LANGAMA PARK, MITCHELLS LANE",725,"Metro","City of Hume",-37.5861
"Brimbank (Capped Region)",18,"SUNSHINE CITY CLUB",144.824295,3020,"Club","SUNSHINE",18,"24 TALMAGE STREET",726,"Metro","City of Brimbank",-37.7791
"Brimbank (Capped Region)",60,"SUNSHINE RSL",144.8374939,3020,"Club","SUNSHINE",60,"99 DICKSON STREET",728,"Metro","City of Brimbank",-37.7871
"Swan Hill Rural City",42,"SWAN HILL CLUB",143.5605011,3585,"Club","SWAN HILL",42,"5 -17 MCCALLUM STREET",729,"Country","Rural City of Swan Hill",-35.3389
"Swan Hill Rural City",35,"SWAN HILL RSL",143.561203,3585,"Club","SWAN HILL",35,"138 CURLEWIS STREET",730,"Country","Rural City of Swan Hill",-35.3412
"Hume (Capped Region)",75,"SYLVANIA HOTEL",144.9524994,3061,"Hotel","CAMPBELLFIELD",75,"1631 SYDNEY ROAD",732,"Metro","City of Hume",-37.6737
"Melton City",80,"TABCORP PARK",144.6006012,3338,"Club","MELTON SOUTH",80,"2 FERRIS ROAD",733,"Metro","City of Melton",-37.6933
"Yarra City",49,"TANKERVILLE ARMS HOTEL",144.9750977,3065,"Hotel","FITZROY",48,"230 NICHOLSON STREET",735,"Metro","City of Yarra",-37.7982
"Brimbank (Capped Region)",105,"TAYLORS LAKES FAMILY HOTEL",144.7998047,3038,"Hotel","TAYLORS LAKES",105,"7 MELTON HIGHWAY",738,"Metro","City of Brimbank",-37.7023
"Manningham City",50,"TEMPLESTOWE HOTEL",145.1172943,3107,"Hotel","LOWER TEMPLESTOWE",50,"23-29 PARKER STREET",741,"Metro","City of Manningham",-37.7562
"Yarra Ranges Shire",30,"TERMINUS HOTEL",145.5096132,3777,"Hotel","HEALESVILLE",30,"23-31 HARKER STREET",743,"Metro","Shire of Yarra Ranges",-37.65636766
"Port Phillip City",29,"THE BAY & BRIDGE HOTEL",144.9443054,3207,"Hotel","PORT MELBOURNE",29,"316 BAY STREET",744,"Metro","City of Port Phillip",-37.8369
"Port Phillip City",32,"THE BEACH",144.9488068,3206,"Hotel","ALBERT PARK",32,"97 BEACONSFIELD PARADE",745,"Metro","City of Port Phillip",-37.8475
"Greater Bendigo City",60,"THE BENDIGO CLUB",144.3123932,3550,"Club","BENDIGO",60,"22 PARK STREET",747,"Country","City of Greater Bendigo",-36.762
"Greater Bendigo City",40,"THE BOROUGH CLUB",144.2519989,3556,"Club","EAGLEHAWK",40,"2-4 HIGH STREET",749,"Country","City of Greater Bendigo",-36.7179
"Kingston City",50,"THE BRIDGE HOTEL",145.0879974,3195,"Hotel","MORDIALLOC",50,"1 NEPEAN HIGHWAY",750,"Metro","City of Kingston",-38.01
"Wyndham City (Municipal Limit)",80,"THE BROOK ON SNEYDES",144.7288971,3030,"Club","POINT COOK",80,"215 SNEYDES ROAD",751,"Metro","City of Wyndham",-37.8979
"Moreland (Capped Region)",43,"THE BRUNSWICK CLUB",144.960907,3056,"Club","BRUNSWICK",43,"203 SYDNEY ROAD",752,"Metro","City of Moreland",-37.7725
"Whitehorse City",90,"THE CHASE HOTEL",145.1647949,3131,"Hotel","FOREST HILL",90,"TENANCY 304 LEVEL 3, 270 CANTERBURY ROAD",754,"Metro","City of Whitehorse",-37.8353
"Monash (Capped Region)",35,"THE CLAYTON HOTEL",145.1195068,3168,"Hotel","CLAYTON",35,"319 CLAYTON ROAD",755,"Metro","City of Monash",-37.9243
"Melton City",66,"THE CLUB",144.7418976,3023,"Club","CAROLINE SPRINGS",66,"1312 - 1322  WESTERN HIGHWAY",756,"Metro","City of Melton",-37.7559
"Maroondah (Capped Region)",90,"THE COACH AND HORSES",145.2176971,3134,"Club","RINGWOOD",90,"33-37 MAROONDAH HIGHWAY",758,"Metro","City of Maroondah",-37.8166
"Kingston City",53,"THE COVE HOTEL",145.1363983,3197,"Hotel","PATTERSON LAKES",53,"THE MARINA, MCLEOD ROAD",760,"Metro","City of Kingston",-38.0709
"Glen Eira City",32,"THE ELSTERNWICK CLUB",145.0041962,3185,"Club","ELSTERNWICK",32,"19 SANDHAM STREET",763,"Metro","City of Glen Eira",-37.8817
"Greater Bendigo City",25,"THE FOUNDRY HOTEL COMPLEX",144.2566986,3555,"Hotel","BENDIGO",25,"366 HIGH STREET",764,"Country","City of Greater Bendigo",-36.7736
"Yarra Ranges Shire",80,"THE INTERNATIONAL",145.3647003,3140,"Club","LILYDALE",80,"471 MAROONDAH HIGHWAY",765,"Metro","Shire of Yarra Ranges",-37.7523
"Greater Dandenong (Capped Region)",30,"THE JIM DANDY HOTEL",145.2138977,3175,"Hotel","DANDENONG",30,"193 LONSDALE STREET",766,"Metro","City of Greater Dandenong",-37.9894
"East Gippsland (Capped Region)",41,"THE LAKES ENTERTAINMENT CENTRE",147.9902039,3909,"Club","LAKES ENTRANCE",41,"38 CHURCH STREET",767,"Country","Shire of East Gippsland",-37.879
"Melbourne CBD, Docklands & Southbank Precincts",56,"THE MEETING PLACE",144.9613953,3000,"Club","MELBOURNE",56,"315-321 ELIZABETH STREET",768,"Metro","City of Melbourne",-37.8112
"Ballarat (Capped Region)",24,"THE MINERS TAVERN",143.8587036,3350,"Hotel","BALLARAT",24,"118 -122 LYDIARD STREET NORTH",769,"Country","City of Ballarat",-37.5592
"Moonee Valley (Capped Region)",50,"THE MOONEE PONDS CLUB",144.9266968,3039,"Club","MOONEE PONDS",50,"622 MT ALEXANDER ROAD",770,"Metro","City of Moonee Valley",-37.7714
"Wangaratta Rural City",35,"THE OLD TOWN 'N' COUNTRY TAVERN",146.3070068,3677,"Hotel","WANGARATTA",35,"CNR GRETA ROAD & MASON STREET",771,"Country","Rural City of Wangaratta",-36.3766
"East Gippsland (Capped Region)",24,"THE ORBOST CLUB",148.4600067,3888,"Club","ORBOST",24,"67-69 GLADSTONE STREET",772,"Country","Shire of East Gippsland",-37.7024
"Wyndham City (Municipal Limit)",50,"THE PHOENIX HOTEL",144.7467957,3030,"Hotel","POINT COOK",50,"40 WALLACE AVENUE",773,"Metro","City of Wyndham",-37.8725
"Yarra City",40,"THE PRINCE OF WALES HOTEL - RICHMOND",145.0001984,3121,"Hotel","RICHMOND",40,"109 CHURCH STREET",774,"Metro","City of Yarra",-37.8146
"Port Phillip City",57,"THE REX",144.9394073,3207,"Club","PORT MELBOURNE",57,"145 BAY STREET",777,"Metro","City of Port Phillip",-37.8413
"Glenelg Shire",32,"THE RICHMOND HENTY HOTEL, PORTLAND",141.6056061,3305,"Hotel","PORTLAND   TORIA",32,"101 BENTINCK STREET",778,"Country","Shire of Glenelg",-38.3476
"Yarra City",31,"THE RICHMOND SOCIAL",144.9965057,3121,"Hotel","RICHMOND",31,"157 SWAN STREET",779,"Metro","City of Yarra",-37.8253
"Knox City",69,"THE ROYAL HOTEL FERNTREE GULLY",145.3096008,3156,"Hotel","FERNTREE GULLY",69,"1208 BURWOOD HIGHWAY",780,"Metro","City of Knox",-37.8939
"Wellington (Capped Region)",36,"THE SALE RSL & COMMUNITY SUB-BRANCH",147.0688934,3850,"Club","SALE",36,"143 YORK STREET",781,"Country","Shire of Wellington",-38.0904
"Casey (Capped Region)",52,"THE SETTLEMENT AT CRANBOURNE",145.283493,3977,"Hotel","CRANBOURNE",52,"CNR SOUTH GIPPSLAND HIGHWAY & CAMMS ROAD",782,"Metro","City of Casey",-38.0975
"Wyndham (Capped Region)",85,"THE TIGERS CLUBHOUSE",144.7062073,3029,"Club","HOPPERS CROSSING",85,"70 OLD GEELONG ROAD",789,"Metro","City of Wyndham",-37.8805
"Monash (Capped Region)",55,"THE VALE HOTEL",145.1548004,3170,"Hotel","MULGRAVE",55,"2277 DANDENONG ROAD",790,"Metro","City of Monash",-37.9307
"Hobsons Bay (Capped Region)",60,"THE VIC INN",144.8972931,3016,"Club","WILLIAMSTOWN",60,"65-67 DOUGLAS PARADE",791,"Metro","City of Hobsons Bay",-37.8571
"Wellington (Capped Region)",37,"THE YARRAM COUNTRY CLUB",146.6746979,3971,"Club","YARRAM",37,"322-340 COMMERCIAL ROAD",792,"Country","Shire of Wellington",-38.5666
"Casey City (Municipal Limit)",46,"TOORADIN & DISTRICT SPORTS CLUB",145.375,3980,"Club","TOORADIN",46,"RECREATION RESERVE, SOUTH GIPPSLAND HIGHWAY",796,"Metro","City of Casey",-38.2102
"Surf Coast Shire",45,"TORQUAY HOTEL",144.319397,3228,"Hotel","TORQUAY",45,"36 BELL STREET",797,"Country","Surf Coast Shire",-38.3382
"Boroondara City",33,"TOWER HOTEL",145.0478973,3123,"Hotel","EAST HAWTHORN",33,"686 BURWOOD ROAD",799,"Metro","City of Boroondara",-37.8258
"Latrobe (Capped Region)",59,"TRARALGON BOWLS CLUB",146.5514069,3844,"Club","TRARALGON",59,"CNR GWALIA STREET & LIDDIARD ROAD",801,"Country","City of La Trobe",-38.1943
"Latrobe (Capped Region)",37,"TRARALGON RSL",146.5272064,3844,"Club","TRARALGON",37,"109-115 GREY STREET",802,"Country","City of La Trobe",-38.1929
"Casey (Capped Region)",75,"TRIOS SPORTS CLUB",145.2796936,3977,"Club","CRANBOURNE",75,"30 GRANT STREET",803,"Metro","City of Casey",-38.1159
"Kingston City",47,"TUDOR INN HOTEL",145.0576935,3192,"Hotel","CHELTENHAM",47,"1281 NEPEAN HIGHWAY",804,"Metro","City of Kingston",-37.9636
"Glen Eira City",50,"The CAMDEN TOWN HOTEL",145.0211029,3162,"Hotel","CAULFIELD",50,"414 HAWTHORN ROAD",805,"Metro","City of Glen Eira",-37.8894
"Colac-Otway Shire",22,"UNION CLUB HOTEL",143.5872955,3250,"Hotel","COLAC",22,"110 MURRAY STREET",806,"Country","Shire of Colac-Otway",-38.3399
"Yarra Ranges Shire",30,"UPPER YARRA RSL",145.6253052,3797,"Club","YARRA JUNCTION",30,"119 SETTLEMENT ROAD",808,"Metro","Shire of Yarra Ranges",-37.7766
"Greater Geelong and Queenscliffe (Capped Region)",29,"VALLEY INN HOTEL",144.3586919,3220,"Hotel","GEELONG",29,"120 FYANS STREET",809,"Country","City of Greater Geelong",-38.1632246
"Monash (Capped Region)",75,"VEGAS AT WAVERLEY GARDENS",145.1893005,3170,"Club","MULGRAVE",75,"SHOP 122, WAVERLEY GARDENS SHOPPING CENTRE",810,"Metro","City of Monash",-37.9353
"Manningham City",90,"VENETO CLUB",145.0778961,3105,"Club","BULLEEN",90,"191 BULLEEN ROAD",811,"Metro","City of Manningham",-37.7724
"Greater Shepparton (Capped Region)",40,"VICTORIA HOTEL (SHEPPARTON)",145.3993988,3630,"Hotel","SHEPPARTON",40,"CNR WYNDHAM & FRYERS STREETS",819,"Country","City of Greater Shepparton",-36.3787
"Macedon Ranges Shire",50,"VICTORIAN TAVERN",144.5908966,3437,"Hotel","GISBORNE",50,"22 AITKEN STREET",821,"Country","Shire of Macedon Ranges",-37.486
"Port Phillip City",31,"VILLAGE BELLE HOTEL",144.9810028,3182,"Hotel","ST KILDA",31,"202 BARKLY STREET",822,"Metro","City of Port Phillip",-37.8695
"Monash (Capped Region)",78,"VILLAGE GREEN HOTEL",145.1600952,3170,"Hotel","MULGRAVE",78,"CNR SPRINGVALE & FERNTREE GULLY ROAD",823,"Metro","City of Monash",-37.9042
"Yarra City",26,"VINE HOTEL RICHMOND",144.9992981,3121,"Hotel","RICHMOND",26,"254 BRIDGE ROAD",825,"Metro","City of Yarra",-37.8187
"Greater Dandenong (Capped Region)",71,"WALTZING MATILDA HOTEL",145.1492004,3171,"Hotel","SPRINGVALE",71,"856 - 868 HEATHERTON ROAD",827,"Metro","City of Greater Dandenong",-37.9627
"Wangaratta Rural City",25,"WANGARATTA CLUB",146.3265991,3677,"Club","WANGARATTA",25,"4 VICTORIA PARADE",828,"Country","Rural City of Wangaratta",-36.354
"Wangaratta Rural City",32,"WANGARATTA RSL",146.3269043,3677,"Club","WANGARATTA",32,"VICTORIA PARADE",829,"Country","Rural City of Wangaratta",-36.3538
"Knox City",97,"WANTIRNA CLUB",145.2333069,3152,"Club","WANTIRNA SOUTH",97,"350 STUD ROAD",830,"Metro","City of Knox",-37.87
"Knox City",60,"WANTIRNA HILL CLUB",145.2250061,3152,"Club","WANTIRNA",60,"715 BORONIA ROAD",831,"Metro","City of Knox",-37.8467
"Baw Baw Shire",100,"WARRAGUL CLUB",145.9290924,3820,"Club","WARRAGUL",100,"55 VICTORIA STREET",833,"Country","Shire of Baw Baw",-38.1608
"Baw Baw Shire",80,"WARRAGUL COUNTRY CLUB",145.922699,3820,"Club","WARRAGUL",80,"41 SUTTON STREET",834,"Country","Shire of Baw Baw",-38.1488
"Warrnambool (Capped Region)",40,"WARRNAMBOOL BOWLS CLUB",142.4862061,3280,"Club","WARRNAMBOOL",40,"75 TIMOR STREET",835,"Country","City of Warrnambool",-38.3878
"Warrnambool (Capped Region)",40,"WARRNAMBOOL FOOTBALL CLUB SOCIAL CLUB",142.4947052,3280,"Club","WARRNAMBOOL",39,"CRAMER STREET",836,"Country","City of Warrnambool",-38.38
"Warrnambool (Capped Region)",24,"WARRNAMBOOL RSL",142.4803925,3280,"Club","WARRNAMBOOL",24,"CORNER LIEBIG & MERRI STREET",837,"Country","City of Warrnambool",-38.3869
"Brimbank (Capped Region)",76,"WATERGARDENS HOTEL",144.7779999,3038,"Hotel","TAYLORS LAKES",76,"431 KINGS ROAD",840,"Metro","City of Brimbank",-37.6995
"Moonee Valley (Capped Region)",70,"WATERLOO CUP HOTEL",144.9057007,3039,"Hotel","MOONEE PONDS",70,"252 MARIBYRNONG ROAD",841,"Metro","City of Moonee Valley",-37.7701
"Banyule (Capped Region)",103,"WATSONIA RSL",145.0820007,3087,"Club","WATSONIA",103,"6 MORWELL AVENUE",842,"Metro","City of Banyule",-37.7093
"Greater Geelong and Queenscliffe (Capped Region)",70,"WAURN PONDS HOTEL",144.3106995,3216,"Hotel","WAURN PONDS",70,"1154 PRINCES HIGHWAY",843,"Country","City of Greater Geelong",-38.2032
"Monash City (Municipal Limit)",67,"WAVERLEY RSL CLUB",145.1625061,3150,"Club","GLEN WAVERLEY",67,"CNR COLEMAN PDE & GLENDALE STREET",844,"Metro","City of Monash",-37.8801
"Wyndham (Capped Region)",80,"WERRIBEE PLAZA TAVERN",144.6815033,3030,"Hotel","WERRIBEE",80,"CNR DERRIMUT AND HEATH ROADS",846,"Metro","City of Wyndham",-37.8763
"Wyndham (Capped Region)",60,"WERRIBEE RSL",144.6645966,3030,"Club","WERRIBEE",60,"KELLY PARK, SYNOTT STREET",847,"Metro","City of Wyndham",-37.9005
"Banyule (Capped Region)",31,"WEST HEIDELBERG RSL",145.0494995,3081,"Club","WEST HEIDELBERG",31,"180 BELL STREET",849,"Metro","City of Banyule",-37.7521
"Horsham Rural City",34,"WEST SIDE HORSHAM",142.1869049,3400,"Club","HORSHAM",34,"BENNETT ROAD",850,"Country","Rural City of Horsham",-36.7146
"Melton City",90,"WEST WATERS HOTEL",144.7451019,3023,"Hotel","CAROLINE SPRINGS",90,"10-20 LAKE STREET",852,"Metro","City of Melton",-37.732
"Brimbank (Capped Region)",78,"WESTEND MARKET HOTEL",144.8264008,3020,"Hotel","SUNSHINE",78,"47 MCINTYRE ROAD",853,"Metro","City of Brimbank",-37.7719
"Mornington Peninsula Shire",40,"WESTERNPORT HOTEL",145.1929932,3915,"Hotel","HASTINGS",40,"CORNER SALMON & HIGH STREETS",855,"Metro","Mornington Peninsula Shire",-38.3073
"Hume (Capped Region)",40,"WESTMEADOWS TAVERN",144.8887939,3049,"Hotel","WESTMEADOWS",40,"10 ARDLIE STREET",856,"Metro","City of Hume",-37.676
"Wyndham (Capped Region)",70,"WESTSIDE TAVERNER",144.7792053,3026,"Hotel","LAVERTON NORTH",70,"3-5 FITZGERALD ROAD",857,"Metro","City of Wyndham",-37.8445
"Warrnambool (Capped Region)",34,"WHALERS HOTEL",142.4812927,3280,"Hotel","WARRNAMBOOL",34,"53 LIEBIG STREET",858,"Country","City of Warrnambool",-38.3858
"Monash City (Municipal Limit)",40,"WHEELERS HILL HOTEL",145.1894989,3150,"Hotel","WHEELERS HILL",40,"871-891 FERNTREE GULLY ROAD",859,"Metro","City of Monash",-37.9063
"Whittlesea City (Municipal Limit)",50,"WHITTLESEA BOWLS CLUB",145.1179962,3757,"Club","WHITTLESEA",50,"101 CHURCH STREET",861,"Metro","City of Whittlesea",-37.5089
"Greater Bendigo City",40,"WINDERMERE HOTEL",144.2436981,3555,"Hotel","KANGAROO FLAT",40,"112 HIGH STREET",865,"Country","City of Greater Bendigo",-36.7955
"Bass Coast (Capped Region)",68,"WONTHAGGI CLUB",145.5906067,3995,"Club","WONTHAGGI",68,"16 MCBRIDE AVENUE",866,"Country","Bass Coast Shire",-38.6056
"Bass Coast (Capped Region)",15,"WONTHAGGI GOLF CLUB",145.5899963,3995,"Club","WONTHAGGI",15,"MCKENZIE STREET",867,"Country","Bass Coast Shire",-38.597
"Bass Coast (Capped Region)",55,"WONTHAGGI WORKMEN'S CLUB",145.5928955,3995,"Club","WONTHAGGI",55,"75 GRAHAM STREET",869,"Country","Bass Coast Shire",-38.6062
"Manningham City",70,"YARRA VALLEY COUNTRY CLUB",145.0847015,3105,"Club","BULLEEN",70,"9 - 15 TEMPLESTOWE ROAD",872,"Metro","City of Manningham",-37.7572
"Maribyrnong (Capped Region)",103,"YARRAVILLE CLUB",144.8943939,3013,"Club","YARRAVILLE",103,"135 STEPHEN STREET",873,"Metro","City of Maribyrnong",-37.8176
"Maribyrnong (Capped Region)",76,"YARRAVILLE CLUB CRICKET CLUB",144.8827972,3012,"Club","MAIDSTONE",76,"CORNER BALLARAT & ROSAMOND ROADS",874,"Metro","City of Maribyrnong",-37.7881
"Maribyrnong (Capped Region)",29,"YARRAVILLE-FOOTSCRAY BOWLING CLUB",144.8695984,3013,"Club","YARRAVILLE",29,"CNR FRANCIS & HAWKHURST STREET",875,"Metro","City of Maribyrnong",-37.8197
"Yarra Ranges Shire",70,"YORK ON LILYDALE TAVERNER RESORT",145.3616943,3796,"Hotel","MT EVELYN",70,"CNR YORK & SWANSEA ROADS",878,"Metro","Shire of Yarra Ranges",-37.7953
"Knox City",80,"ZAGAME BORONIA",145.2863007,3155,"Hotel","BORONIA",80,"112 BORONIA ROAD",882,"Metro","City of Knox",-37.8629
"Ballarat (Capped Region)",105,"ZAGAME'S BALLARAT CLUB HOTEL",143.8683014,3350,"Hotel","BALLARAT",105,"629 - 643 MAIN ROAD",883,"Country","City of Ballarat",-37.5821
"Glen Eira City",100,"ZAGAME'S CAULFIELD CLUB HOTEL",145.0415955,3145,"Hotel","CAULFIELD EAST",100,"25 DERBY ROAD",884,"Metro","City of Glen Eira",-37.8758
