{"organisation":"AU_Govt_ABS_Census","name":"sa2_p26_total_family_income_by_composition_census_2016","title":"SA2-P26 Total Family Income (Weekly) by Family Composition-Census 2016","legal":{"attribution":"{datasource.organisationTitle}, ({dataset.attributionYear}): {dataset.title}; accessed from AURIN Portal on {dateOfAccess}.","attributionYear":"2017","clickthrough":false,"copyrightNotice":"&copy; {datasource.organisationTitle} {dataset.copyrightYear}","copyrightYear":"2017","licenceType":"Creative Commons Attribution 2.5 Australia (CC BY 2.5 AU)"},"referenceSystemIdentifier":"urn:x-ogc:def:crs:EPSG:4283","geoLevel":"sa2_2016","key":"sa2_main16","keyRegex":null,"availability":"true","geomField":"wkb_geometry","keyword":"weekly income,census,2016,pep,family income,place of enumeration profile,family composition,p26","theme":null,"temporalExtent":{"beginDate":"2016-08-09T00:00:00","endDate":"2016-08-11T00:00:00","selectTime":false},"type":"dataset","_id":"dataset-AU_Govt_ABS_Census-sa2_p26_total_family_income_by_composition_census_2016-sa2_2016","bbox":null,"abstract":"SA2 based data for Total Family Income (Weekly) by Family Composition, in Place of Enumeration Profile (PEP), 2016 Census. Count of families in family households. Total Family Income (Weekly) is calculated by summing the personal incomes reported by all family members aged 15 years and over. Families includes same-sex couple families. Household excludes 'Lone person', 'Group', ?Visitors only' and 'Other non-classifiable' households. Excludes overseas visitors. The data is by SA2 2016 boundaries. Periodicity: 5-Yearly. <br/> \nNote: There are small random adjustments made to all cell values to protect the confidentiality of data. These adjustments may cause the sum of rows or columns to differ by small amounts from table totals.<br/> \nFor more information visit the data source: <a href=http://www.abs.gov.au/census>http://www.abs.gov.au/census</a>.\n","selectedAttributes":[{"name":"sa2_main16","type":"String","title":"SA2 Code 2016","description":"SA2 Code 2016.","stype":"nominal","isDimension":false},{"name":"all_inc_ns_cpl_fam_no_child","type":"Integer","title":"All incomes not stated Couple family with no children","description":"All incomes not stated Couple family with no children.","stype":"ratio","isDimension":false},{"name":"all_inc_ns_cpl_fam_wth_chld","type":"Integer","title":"All incomes not stated Couple family with children","description":"All incomes not stated Couple family with children.","stype":"ratio","isDimension":false},{"name":"all_incomes_ns_one_parent_fam","type":"Integer","title":"All incomes not stated One parent family","description":"All incomes not stated One parent family.","stype":"ratio","isDimension":false},{"name":"all_incomes_ns_other_fam","type":"Integer","title":"All incomes not stated Other family","description":"All incomes not stated Other family.","stype":"ratio","isDimension":false},{"name":"all_incomes_ns_tot","type":"Integer","title":"All incomes not stated Total","description":"All incomes not stated Total.","stype":"ratio","isDimension":false},{"name":"fi_1000_1249_cpl_fam_no_child","type":"Integer","title":"Income of 1000-1249 Couple family with no children","description":"Income of 1000-1249 Couple family with no children.","stype":"ratio","isDimension":false},{"name":"fi_1000_1249_cpl_fam_wth_chld","type":"Integer","title":"Income of 1000-1249 Couple family with children","description":"Income of 1000-1249 Couple family with children.","stype":"ratio","isDimension":false},{"name":"fi_1000_1249_one_parent_fam","type":"Integer","title":"Income of 1000-1249 One parent family","description":"Income of 1000-1249 One parent family.","stype":"ratio","isDimension":false},{"name":"fi_1000_1249_other_fam","type":"Integer","title":"Income of 1000-1249 Other family","description":"Income of 1000-1249 Other family.","stype":"ratio","isDimension":false},{"name":"fi_1000_1249_tot","type":"Integer","title":"Income of 1000-1249 Total","description":"Income of 1000-1249 Total.","stype":"ratio","isDimension":false},{"name":"fi_1_149_cpl_fam_no_child","type":"Integer","title":"Income of 1-149 Couple family with no children","description":"Income of 1-149 Couple family with no children.","stype":"ratio","isDimension":false},{"name":"fi_1_149_cpl_fam_with_child","type":"Integer","title":"Income of 1-149 Couple family with children","description":"Income of 1-149 Couple family with children.","stype":"ratio","isDimension":false},{"name":"fi_1_149_one_parent_fam","type":"Integer","title":"Income of 1-149 One parent family","description":"Income of 1-149 One parent family.","stype":"ratio","isDimension":false},{"name":"fi_1_149_other_fam","type":"Integer","title":"Income of 1-149 Other family","description":"Income of 1-149 Other family.","stype":"ratio","isDimension":false},{"name":"fi_1_149_tot","type":"Integer","title":"Income of 1-149 Total","description":"Income of 1-149 Total.","stype":"ratio","isDimension":false},{"name":"fi_1250_1499_cpl_fam_no_child","type":"Integer","title":"Income of 1250-1499 Couple family with no children","description":"Income of 1250-1499 Couple family with no children.","stype":"ratio","isDimension":false},{"name":"fi_1250_1499_cpl_fam_wth_chld","type":"Integer","title":"Income of 1250-1499 Couple family with children","description":"Income of 1250-1499 Couple family with children.","stype":"ratio","isDimension":false},{"name":"fi_1250_1499_one_parent_fam","type":"Integer","title":"Income of 1250-1499 One parent family","description":"Income of 1250-1499 One parent family.","stype":"ratio","isDimension":false},{"name":"fi_1250_1499_other_fam","type":"Integer","title":"Income of 1250-1499 Other family","description":"Income of 1250-1499 Other family.","stype":"ratio","isDimension":false},{"name":"fi_1250_1499_tot","type":"Integer","title":"Income of 1250-1499 Total","description":"Income of 1250-1499 Total.","stype":"ratio","isDimension":false},{"name":"fi_1500_1749_cpl_fam_no_child","type":"Integer","title":"Income of 1500-1749 Couple family with no children","description":"Income of 1500-1749 Couple family with no children.","stype":"ratio","isDimension":false},{"name":"fi_1500_1749_cpl_fam_wth_chld","type":"Integer","title":"Income of 1500-1749 Couple family with children","description":"Income of 1500-1749 Couple family with children.","stype":"ratio","isDimension":false},{"name":"fi_1500_1749_one_parent_fam","type":"Integer","title":"Income of 1500-1749 One parent family","description":"Income of 1500-1749 One parent family.","stype":"ratio","isDimension":false},{"name":"fi_1500_1749_other_fam","type":"Integer","title":"Income of 1500-1749 Other family","description":"Income of 1500-1749 Other family.","stype":"ratio","isDimension":false},{"name":"fi_1500_1749_tot","type":"Integer","title":"Income of 1500-1749 Total","description":"Income of 1500-1749 Total.","stype":"ratio","isDimension":false},{"name":"fi_150_299_cpl_fam_no_child","type":"Integer","title":"Income of 150-299 Couple family with no children","description":"Income of 150-299 Couple family with no children.","stype":"ratio","isDimension":false},{"name":"fi_150_299_cpl_fam_with_child","type":"Integer","title":"Income of 150-299 Couple family with children","description":"Income of 150-299 Couple family with children.","stype":"ratio","isDimension":false},{"name":"fi_150_299_one_parent_fam","type":"Integer","title":"Income of 150-299 One parent family","description":"Income of 150-299 One parent family.","stype":"ratio","isDimension":false},{"name":"fi_150_299_other_fam","type":"Integer","title":"Income of 150-299 Other family","description":"Income of 150-299 Other family.","stype":"ratio","isDimension":false},{"name":"fi_150_299_tot","type":"Integer","title":"Income of 150-299 Total","description":"Income of 150-299 Total.","stype":"ratio","isDimension":false},{"name":"fi_1750_1999_cpl_fam_no_child","type":"Integer","title":"Income of 1750-1999 Couple family with no children","description":"Income of 1750-1999 Couple family with no children.","stype":"ratio","isDimension":false},{"name":"fi_1750_1999_cpl_fam_wth_chld","type":"Integer","title":"Income of 1750-1999 Couple family with children","description":"Income of 1750-1999 Couple family with children.","stype":"ratio","isDimension":false},{"name":"fi_1750_1999_one_parent_fam","type":"Integer","title":"Income of 1750-1999 One parent family","description":"Income of 1750-1999 One parent family.","stype":"ratio","isDimension":false},{"name":"fi_1750_1999_other_fam","type":"Integer","title":"Income of 1750-1999 Other family","description":"Income of 1750-1999 Other family.","stype":"ratio","isDimension":false},{"name":"fi_1750_1999_tot","type":"Integer","title":"Income of 1750-1999 Total","description":"Income of 1750-1999 Total.","stype":"ratio","isDimension":false},{"name":"fi_2000_2499_cpl_fam_no_child","type":"Integer","title":"Income of 2000-2499 Couple family with no children","description":"Income of 2000-2499 Couple family with no children.","stype":"ratio","isDimension":false},{"name":"fi_2000_2499_cpl_fam_wth_chld","type":"Integer","title":"Income of 2000-2499 Couple family with children","description":"Income of 2000-2499 Couple family with children.","stype":"ratio","isDimension":false},{"name":"fi_2000_2499_one_parent_fam","type":"Integer","title":"Income of 2000-2499 One parent family","description":"Income of 2000-2499 One parent family.","stype":"ratio","isDimension":false},{"name":"fi_2000_2499_other_fam","type":"Integer","title":"Income of 2000-2499 Other family","description":"Income of 2000-2499 Other family.","stype":"ratio","isDimension":false},{"name":"fi_2000_2499_tot","type":"Integer","title":"Income of 2000-2499 Total","description":"Income of 2000-2499 Total.","stype":"ratio","isDimension":false},{"name":"fi_2500_2999_cpl_fam_no_child","type":"Integer","title":"Income of 2500-2999 Couple family with no children","description":"Income of 2500-2999 Couple family with no children.","stype":"ratio","isDimension":false},{"name":"fi_2500_2999_cpl_fam_wth_chld","type":"Integer","title":"Income of 2500-2999 Couple family with children","description":"Income of 2500-2999 Couple family with children.","stype":"ratio","isDimension":false},{"name":"fi_2500_2999_one_parent_fam","type":"Integer","title":"Income of 2500-2999 One parent family","description":"Income of 2500-2999 One parent family.","stype":"ratio","isDimension":false},{"name":"fi_2500_2999_other_fam","type":"Integer","title":"Income of 2500-2999 Other family","description":"Income of 2500-2999 Other family.","stype":"ratio","isDimension":false},{"name":"fi_2500_2999_tot","type":"Integer","title":"Income of 2500-2999 Total","description":"Income of 2500-2999 Total.","stype":"ratio","isDimension":false},{"name":"fi_3000_3499_cpl_fam_no_child","type":"Integer","title":"Income of 3000-3499 Couple family with no children","description":"Income of 3000-3499 Couple family with no children.","stype":"ratio","isDimension":false},{"name":"fi_3000_3499_cpl_fam_wth_chld","type":"Integer","title":"Income of 3000-3499 Couple family with children","description":"Income of 3000-3499 Couple family with children.","stype":"ratio","isDimension":false},{"name":"fi_3000_3499_one_parent_fam","type":"Integer","title":"Income of 3000-3499 One parent family","description":"Income of 3000-3499 One parent family.","stype":"ratio","isDimension":false},{"name":"fi_3000_3499_other_fam","type":"Integer","title":"Income of 3000-3499 Other family","description":"Income of 3000-3499 Other family.","stype":"ratio","isDimension":false},{"name":"fi_3000_3499_tot","type":"Integer","title":"Income of 3000-3499 Total","description":"Income of 3000-3499 Total.","stype":"ratio","isDimension":false},{"name":"fi_300_399_cpl_fam_no_child","type":"Integer","title":"Income of 300-399 Couple family with no children","description":"Income of 300-399 Couple family with no children.","stype":"ratio","isDimension":false},{"name":"fi_300_399_cpl_fam_with_child","type":"Integer","title":"Income of 300-399 Couple family with children","description":"Income of 300-399 Couple family with children.","stype":"ratio","isDimension":false},{"name":"fi_300_399_one_parent_fam","type":"Integer","title":"Income of 300-399 One parent family","description":"Income of 300-399 One parent family.","stype":"ratio","isDimension":false},{"name":"fi_300_399_other_fam","type":"Integer","title":"Income of 300-399 Other family","description":"Income of 300-399 Other family.","stype":"ratio","isDimension":false},{"name":"fi_300_399_tot","type":"Integer","title":"Income of 300-399 Total","description":"Income of 300-399 Total.","stype":"ratio","isDimension":false},{"name":"fi_3500_3999_cpl_fam_no_child","type":"Integer","title":"Income of 3500-3999 Couple family with no children","description":"Income of 3500-3999 Couple family with no children.","stype":"ratio","isDimension":false},{"name":"fi_3500_3999_cpl_fam_wth_chld","type":"Integer","title":"Income of 3500-3999 Couple family with children","description":"Income of 3500-3999 Couple family with children.","stype":"ratio","isDimension":false},{"name":"fi_3500_3999_one_parent_fam","type":"Integer","title":"Income of 3500-3999 One parent family","description":"Income of 3500-3999 One parent family.","stype":"ratio","isDimension":false},{"name":"fi_3500_3999_other_fam","type":"Integer","title":"Income of 3500-3999 Other family","description":"Income of 3500-3999 Other family.","stype":"ratio","isDimension":false},{"name":"fi_3500_3999_tot","type":"Integer","title":"Income of 3500-3999 Total","description":"Income of 3500-3999 Total.","stype":"ratio","isDimension":false},{"name":"fi_4000_more_cpl_fam_no_child","type":"Integer","title":"Income of 4000 or more Couple family with no children","description":"Income of 4000 or more Couple family with no children.","stype":"ratio","isDimension":false},{"name":"fi_4000_more_cpl_fam_wth_chld","type":"Integer","title":"Income of 4000 or more Couple family with children","description":"Income of 4000 or more Couple family with children.","stype":"ratio","isDimension":false},{"name":"fi_4000_more_one_parent_fam","type":"Integer","title":"Income of 4000 or more One parent family","description":"Income of 4000 or more One parent family.","stype":"ratio","isDimension":false},{"name":"fi_4000_more_other_fam","type":"Integer","title":"Income of 4000 or more Other family","description":"Income of 4000 or more Other family.","stype":"ratio","isDimension":false},{"name":"fi_4000_more_tot","type":"Integer","title":"Income of 4000 or more Total","description":"Income of 4000 or more Total.","stype":"ratio","isDimension":false},{"name":"fi_400_499_cpl_fam_no_child","type":"Integer","title":"Income of 400-499 Couple family with no children","description":"Income of 400-499 Couple family with no children.","stype":"ratio","isDimension":false},{"name":"fi_400_499_cpl_fam_with_child","type":"Integer","title":"Income of 400-499 Couple family with children","description":"Income of 400-499 Couple family with children.","stype":"ratio","isDimension":false},{"name":"fi_400_499_one_parent_fam","type":"Integer","title":"Income of 400-499 One parent family","description":"Income of 400-499 One parent family.","stype":"ratio","isDimension":false},{"name":"fi_400_499_other_fam","type":"Integer","title":"Income of 400-499 Other family","description":"Income of 400-499 Other family.","stype":"ratio","isDimension":false},{"name":"fi_400_499_tot","type":"Integer","title":"Income of 400-499 Total","description":"Income of 400-499 Total.","stype":"ratio","isDimension":false},{"name":"fi_500_649_cpl_fam_no_child","type":"Integer","title":"Income of 500-649 Couple family with no children","description":"Income of 500-649 Couple family with no children.","stype":"ratio","isDimension":false},{"name":"fi_500_649_cpl_fam_with_child","type":"Integer","title":"Income of 500-649 Couple family with children","description":"Income of 500-649 Couple family with children.","stype":"ratio","isDimension":false},{"name":"fi_500_649_one_parent_fam","type":"Integer","title":"Income of 500-649 One parent family","description":"Income of 500-649 One parent family.","stype":"ratio","isDimension":false},{"name":"fi_500_649_other_fam","type":"Integer","title":"Income of 500-649 Other family","description":"Income of 500-649 Other family.","stype":"ratio","isDimension":false},{"name":"fi_500_649_tot","type":"Integer","title":"Income of 500-649 Total","description":"Income of 500-649 Total.","stype":"ratio","isDimension":false},{"name":"fi_650_799_cpl_fam_no_child","type":"Integer","title":"Income of 650-799 Couple family with no children","description":"Income of 650-799 Couple family with no children.","stype":"ratio","isDimension":false},{"name":"fi_650_799_cpl_fam_with_child","type":"Integer","title":"Income of 650-799 Couple family with children","description":"Income of 650-799 Couple family with children.","stype":"ratio","isDimension":false},{"name":"fi_650_799_one_parent_fam","type":"Integer","title":"Income of 650-799 One parent family","description":"Income of 650-799 One parent family.","stype":"ratio","isDimension":false},{"name":"fi_650_799_other_fam","type":"Integer","title":"Income of 650-799 Other family","description":"Income of 650-799 Other family.","stype":"ratio","isDimension":false},{"name":"fi_650_799_tot","type":"Integer","title":"Income of 650-799 Total","description":"Income of 650-799 Total.","stype":"ratio","isDimension":false},{"name":"fi_800_999_cpl_fam_no_child","type":"Integer","title":"Income of 800-999 Couple family with no children","description":"Income of 800-999 Couple family with no children.","stype":"ratio","isDimension":false},{"name":"fi_800_999_cpl_fam_wth_chld","type":"Integer","title":"Income of 800-999 Couple family with children","description":"Income of 800-999 Couple family with children.","stype":"ratio","isDimension":false},{"name":"fi_800_999_one_parent_fam","type":"Integer","title":"Income of 800-999 One parent family","description":"Income of 800-999 One parent family.","stype":"ratio","isDimension":false},{"name":"fi_800_999_other_fam","type":"Integer","title":"Income of 800-999 Other family","description":"Income of 800-999 Other family.","stype":"ratio","isDimension":false},{"name":"fi_800_999_tot","type":"Integer","title":"Income of 800-999 Total","description":"Income of 800-999 Total.","stype":"ratio","isDimension":false},{"name":"neg_nil_inc_cpl_fam_no_child","type":"Integer","title":"Negative Nil income Couple family with no children","description":"Negative Nil income Couple family with no children.","stype":"ratio","isDimension":false},{"name":"neg_nil_inc_cpl_fam_wth_chld","type":"Integer","title":"Negative Nil income Couple family with children","description":"Negative Nil income Couple family with children.","stype":"ratio","isDimension":false},{"name":"neg_nil_inc_one_parent_fam","type":"Integer","title":"Negative Nil income One parent family","description":"Negative Nil income One parent family.","stype":"ratio","isDimension":false},{"name":"neg_nil_inc_other_fam","type":"Integer","title":"Negative Nil income Other family","description":"Negative Nil income Other family.","stype":"ratio","isDimension":false},{"name":"neg_nil_inc_tot","type":"Integer","title":"Negative Nil income Total","description":"Negative Nil income Total.","stype":"ratio","isDimension":false},{"name":"partial_income_statd_othr_fam","type":"Integer","title":"Partial income stated Other family","description":"Partial income stated Other family.","stype":"ratio","isDimension":false},{"name":"partial_income_stated_tot","type":"Integer","title":"Partial income stated Total","description":"Partial income stated Total.","stype":"ratio","isDimension":false},{"name":"part_inc_statd_one_parent_fam","type":"Integer","title":"Partial income stated One parent family","description":"Partial income stated One parent family.","stype":"ratio","isDimension":false},{"name":"part_inc_std_cpl_fam_wth_chld","type":"Integer","title":"Partial income stated Couple family with children","description":"Partial income stated Couple family with children.","stype":"ratio","isDimension":false},{"name":"prt_inc_std_cpl_fam_no_child","type":"Integer","title":"Partial income stated Couple family with no children","description":"Partial income stated Couple family with no children.","stype":"ratio","isDimension":false},{"name":"sa2_name16","type":"String","title":"SA2 Name 2016","description":"SA2 Name 2016.","stype":"nominal","isDimension":false},{"name":"tot_cpl_fam_no_child","type":"Integer","title":"Total Couple family with no children","description":"Total Couple family with no children.","stype":"ratio","isDimension":false},{"name":"tot_cpl_fam_wth_chld","type":"Integer","title":"Total Couple family with children","description":"Total Couple family with children.","stype":"ratio","isDimension":false},{"name":"tot_one_parent_fam","type":"Integer","title":"Total One parent family","description":"Total One parent family.","stype":"ratio","isDimension":false},{"name":"tot_other_fam","type":"Integer","title":"Total Other family","description":"Total Other family.","stype":"ratio","isDimension":false},{"name":"tot_tot","type":"Integer","title":"Total Total","description":"Total Total.","stype":"ratio","isDimension":false}],"filter":{"filterType":"tabular","feature":{"key":"sa2_main16","geoLevel":"sa2_2016","geoField":"ignored","year":"2006","featureBbox":[140.961681984,-39.159189527500004,149.976679008,-33.9806475865],"featureType":"ste","featureInstance":"2","featureName":"Victoria","referenceSystemIdentifier":"urn:x-ogc:def:crs:EPSG:4283","prefix":"","keyTransform":null},"states":["2"]}}