{"organisation":"VIC_LGovt_COM","name":"com_clue_cafe_restaurant_bistro_seats_2014","title":"City of Melbourne CLUE Cafes, Restaurants and Bistros Seats (Points) 2014","legal":{"attribution":"{datasource.organisationTitle}, ({dataset.attributionYear}): {dataset.title}; accessed from AURIN Portal on {dateOfAccess}.","attributionYear":"2018","clickthrough":false,"copyrightNotice":"&copy; {datasource.organisationTitle} {dataset.copyrightYear}","copyrightYear":"2018","licenceType":"Creative Commons Attribution 4.0 International (CC BY 4.0)"},"referenceSystemIdentifier":"urn:x-ogc:def:crs:EPSG:4283","geoLevel":"NA","key":"ogc_fid","keyRegex":null,"availability":"true","geomField":"wkb_geometry","keyword":"seats,capacity,clue,2014,melbourne,census,hospitality,land,use","theme":null,"temporalExtent":{"beginDate":"2014-01-01T00:00:00","endDate":"2014-12-31T00:00:00","selectTime":false},"type":"dataset","_id":"dataset-VIC_LGovt_COM-com_clue_cafe_restaurant_bistro_seats_2014-NA","bbox":null,"abstract":"This dataset was collected as part of the City of Melbourne's Census of Land Use and Employment (CLUE). The data presents business establishments with their trading name, industry (ANZSIC4) classification, number of dining seats (classified by indoor/outdoor), location and CLUE block and small area designation. as points which represent a single business. The data covers the year period of 2014.<br/><br/>\n\nFor more information please visit the <a href=\"https://www.melbourne.vic.gov.au/about-melbourne/research-and-statistics/city-economy/census-land-use-employment/Pages/clue.aspx\" target=\"_blank\">City of Melbourne CLUE Portal</a>.<br/><br/>\n\nPlease note: \n<ul>\n<li>AURIN has acquired the data through the <a href=\"https://data.melbourne.vic.gov.au/clue\" target=\"_blank\">City of Melbourne Open Data Portal</a>.</li>\n<li>The individual yearly tables have been extracted from the archived 2002-2017 tables.</li>\n<li>The data in this table is a snapshot and not live.</li>\n</ul>\n","selectedAttributes":[{"name":"ogc_fid","type":"Integer","title":"Unique IDentifier","description":"Unique IDentifier.","isDimension":false},{"name":"base_property_id","type":"String","title":"Base Property Identifier","description":"Base property identifier.","isDimension":false},{"name":"block_id","type":"String","title":"Block Identifier","description":"Block identifier. The Census area is divided into city blocks, each of which is identified by a unique block number. Blocks are primarily defined by major roads. There are around 606 blocks in the City of Melbourne.","isDimension":false},{"name":"census_year","type":"String","title":"Census Year","description":"The CLUE census year refers to the year in which surveying was completed.","isDimension":false},{"name":"clue_small_area","type":"String","title":"CLUE Small Area","description":"CLUE Small Area name.","isDimension":false},{"name":"industry_anzsic4_code","type":"String","title":"ANZSIC4 Industry Code","description":"ANZSIC4 Industry Code.","isDimension":false},{"name":"industry_anzsic4_description","type":"String","title":"ANZSIC4 Industry Description","description":"ANZSIC4 Industry Description.","isDimension":false},{"name":"location_address","type":"String","title":"Location Address","description":"Location Address.","isDimension":false},{"name":"location_city","type":"String","title":"Location City","description":"Location City.","isDimension":false},{"name":"location_state","type":"String","title":"Location State","description":"Location State.","isDimension":false},{"name":"location_zip","type":"String","title":"Location Postal Code","description":"Location Postal Code.","isDimension":false},{"name":"number_of_seats","type":"String","title":"Number of Seats","description":"Number of Seats.","isDimension":false},{"name":"property_id","type":"String","title":"Property Identifier","description":"Property identifier.","isDimension":false},{"name":"seating_type","type":"String","title":"Seating Type","description":"Seating Type.","isDimension":false},{"name":"street_address","type":"String","title":"Street Address","description":"Street address.","isDimension":false},{"name":"trading_name","type":"String","title":"Trading Name","description":"The trading name of the establishment.","isDimension":false},{"name":"wkb_geometry","type":"Geometry","title":"Geometry","description":"Geometry.","isDimension":false},{"name":"x_coordinate","type":"String","title":"X Coordinate","description":"X Coordinate.","isDimension":false},{"name":"y_coordinate","type":"String","title":"Y Coordinate","description":"Y Coordinate.","isDimension":false}],"filter":{"filterType":"tabular","spatial":{"bbox":[140.961681984,-39.1591895275,149.976679008,-33.9806475865]},"states":["2"]}}