{"organisation":"AU_Govt_AIHW","name":"sa3_cancer_mortality_2011_2015","title":"SA3 Cancer Mortality 2011-2015","legal":{"attribution":"Based on Australian Institute of Health and Welfare material, ({dataset.attributionYear}): {dataset.title}; accessed from AURIN Portal on {dateOfAccess}.","attributionYear":"2017","clickthrough":false,"copyrightNotice":"&copy; {datasource.organisationTitle} {dataset.copyrightYear}","copyrightYear":"2018","licenceType":"Creative Commons Attribution 3.0 Australia (CC BY 3.0 AU)"},"referenceSystemIdentifier":"urn:x-ogc:def:crs:EPSG:4283","geoLevel":"sa3","key":"sa3_code11","keyRegex":null,"availability":"true","geomField":"wkb_geometry","keyword":"aus,australia,aggregation,cancer,health,mortality,sa3,welfare","theme":null,"temporalExtent":{"beginDate":"2011-01-01T00:00:00","endDate":"2015-12-31T00:00:00","selectTime":false},"type":"dataset","_id":"dataset-AU_Govt_AIHW-sa3_cancer_mortality_2011_2015-sa3","bbox":null,"abstract":"This dataset presents cancer mortality data in Australia by Statistical Area Level 3 (SA3) for all cancers combined, and six selected cancers (female breast cancer, colorectal cancer, cervical cancer, lung cancer, melanoma of the skin, and prostate cancer) with their respective ICD-10 codes, between 2011 and 2015. Data is aggregated to ASGS SA3 boundaries 2011.<br/><br/>\n\nThis data was sourced from the Australia Cancer Database, the National Mortality Database and the National Death Index. Cause of Death Unit Record File data are provided to the AIHW by the Registries of Births, Deaths and Marriages and the National Coronial Information System (managed by the Victorian Department of Justice) and include cause of death coded by the Australian Bureau of Statistics (ABS). The data are maintained by AIHW in the <a href=\"https://www.aihw.gov.au/about-our-data/our-data-collections/national-mortality-database/deaths-data\" target=\"_blank\">National Mortality Database</a>.<br/><br/>\n\nInformation for this data can be found at: <a href=\"https://www.aihw.gov.au/reports/cancer/cancer-incidence-mortality-small-geographic-areas/data\" target=\"_blank\">Australian Institute of Health and Welfare</a>.<br/><br/>\n\nPlease note: \n<ul>\n<li>AURIN has spatially enabled the original data.</li>\n<li>Colorectal deaths presented are underestimates. For further information on complexities in the measurement of bowel cancer in Australia, refer to the <a href=\"http://www.abs.gov.au/ausstats/abs@.nsf/Lookup/by%20Subject/3303.0~2015~Main%20Features~Complexities%20in%20the%20measurement%20of%20bowel%20cancer%20in%20Australia~7\" target=\"_blank\">Australian Bureau of Statistics</a>.</li>\n<li>Where records are null, data was not publishable because of small numbers, confidentiality or other concerns about the quality of the data.</li>\n</ul>","selectedAttributes":[{"name":"sa3_code11","type":"String","title":"SA3 Code 2011","description":"SA3 Code 2011.","stype":"nominal","isDimension":false},{"name":"all_canc_age_std_rate","type":"Double","title":"All cancers combined - Age-standardised rate (per 100,000)","description":"Rates that are standardised to a specific standard age structure to enable comparisons between populations and over time. Age-standardised rates have been directly standardised to the 2001 Australian Standard Population. Rates are expressed as the number of deaths per 100,000 males/females/persons for each geographic area.","stype":"ratio","isDimension":false},{"name":"all_canc_pop","type":"Integer","title":"All cancers combined - Total relevant population","description":"Sum of the estimated relevant resident populations at 30 June for each of the five years.","stype":"ratio","isDimension":false},{"name":"all_canc_rate","type":"Double","title":"All cancers combined - Crude rate (per 100,000)","description":"Number of new cancer deaths per 100,000 population. Rates are calculated using the estimated resident population at 30 June for each year. Rates are expressed as deaths per 100,000 males/females/persons for each geographic area.","stype":"ratio","isDimension":false},{"name":"all_canc_rate_ratio","type":"Double","title":"All cancers combined - Rate ratio (relative to all of Australia)","description":"Rate ratios are calculated as the age-standardised rate for the geographic area of interest divided by the age-standardised rate for all of Australia. A rate ratio of greater than 1 indicates that the area of interest has a higher rate than the rate for Australia. A rate ratio of less than 1 indicates that the rate for the area of interest is lower than the rate for Australia. A rate ratio of 1 indicates that the area of interest is the same as the rate for Australia.","stype":"ratio","isDimension":false},{"name":"all_canc_tot_mort","type":"Integer","title":"All cancers combined - Total mortality","description":"Number of deaths due to the specified cancer over the five years.","stype":"ratio","isDimension":false},{"name":"brst_canc_f_50_69_yrs_age_std_rate","type":"Double","title":"Breast cancer (C50) for females aged 59-69 - Age-standardised rate (per 100,000)","description":"Rates that are standardised to a specific standard age structure to enable comparisons between populations and over time. Age-standardised rates have been directly standardised to the 2001 Australian Standard Population. Rates are expressed as the number of deaths per 100,000 males/females/persons for each geographic area.","stype":"ratio","isDimension":false},{"name":"brst_canc_f_50_69_yrs_pop","type":"Integer","title":"Breast cancer (C50) for females aged 59-69 - Total relevant population","description":"Sum of the estimated relevant resident populations at 30 June for each of the five years.","stype":"ratio","isDimension":false},{"name":"brst_canc_f_50_69_yrs_rate","type":"Double","title":"Breast cancer (C50) for females aged 59-69 - Crude rate (per 100,000)","description":"Number of new cancer deaths per 100,000 population. Rates are calculated using the estimated resident population at 30 June for each year. Rates are expressed as deaths per 100,000 males/females/persons for each geographic area.","stype":"ratio","isDimension":false},{"name":"brst_canc_f_50_69_yrs_rate_ratio","type":"Double","title":"Breast cancer (C50) for females aged 59-69 - Rate ratio (relative to all of Australia)","description":"Rate ratios are calculated as the age-standardised rate for the geographic area of interest divided by the age-standardised rate for all of Australia. A rate ratio of greater than 1 indicates that the area of interest has a higher rate than the rate for Australia. A rate ratio of less than 1 indicates that the rate for the area of interest is lower than the rate for Australia. A rate ratio of 1 indicates that the area of interest is the same as the rate for Australia.","stype":"ratio","isDimension":false},{"name":"brst_canc_f_50_69_yrs_tot_mort","type":"Integer","title":"Breast cancer (C50) for females aged 59-69 - Total mortality","description":"Number of deaths due to the specified cancer over the five years.","stype":"ratio","isDimension":false},{"name":"brst_canc_f_all_age_std_rate","type":"Double","title":"Breast cancer (C50) for females - Age-standardised rate (per 100,000)","description":"Rates that are standardised to a specific standard age structure to enable comparisons between populations and over time. Age-standardised rates have been directly standardised to the 2001 Australian Standard Population. Rates are expressed as the number of deaths per 100,000 males/females/persons for each geographic area.","stype":"ratio","isDimension":false},{"name":"brst_canc_f_all_pop","type":"Integer","title":"Breast cancer (C50) for females - Total relevant population","description":"Sum of the estimated relevant resident populations at 30 June for each of the five years.","stype":"ratio","isDimension":false},{"name":"brst_canc_f_all_rate","type":"Double","title":"Breast cancer (C50) for females - Crude rate (per 100,000)","description":"Number of new cancer deaths per 100,000 population. Rates are calculated using the estimated resident population at 30 June for each year. Rates are expressed as deaths per 100,000 males/females/persons for each geographic area.","stype":"ratio","isDimension":false},{"name":"brst_canc_f_all_rate_ratio","type":"Double","title":"Breast cancer (C50) for females - Rate ratio (relative to all of Australia)","description":"Rate ratios are calculated as the age-standardised rate for the geographic area of interest divided by the age-standardised rate for all of Australia. A rate ratio of greater than 1 indicates that the area of interest has a higher rate than the rate for Australia. A rate ratio of less than 1 indicates that the rate for the area of interest is lower than the rate for Australia. A rate ratio of 1 indicates that the area of interest is the same as the rate for Australia.","stype":"ratio","isDimension":false},{"name":"brst_canc_f_all_tot_mort","type":"Integer","title":"Breast cancer (C50) for females - Total mortality","description":"Number of deaths due to the specified cancer over the five years.","stype":"ratio","isDimension":false},{"name":"colo_canc_50_74_yrs_age_std_rate","type":"Double","title":"Colorectal cancer (C18-C20) for ages 50-74 - Age-standardised rate (per 100,000)","description":"Rates that are standardised to a specific standard age structure to enable comparisons between populations and over time. Age-standardised rates have been directly standardised to the 2001 Australian Standard Population. Rates are expressed as the number of deaths per 100,000 males/females/persons for each geographic area.","stype":"ratio","isDimension":false},{"name":"colo_canc_50_74_yrs_pop","type":"Integer","title":"Colorectal cancer (C18-C20) for ages 50-74 - Total relevant population","description":"Sum of the estimated relevant resident populations at 30 June for each of the five years.","stype":"ratio","isDimension":false},{"name":"colo_canc_50_74_yrs_rate","type":"Double","title":"Colorectal cancer (C18-C20) for ages 50-74 - Crude rate (per 100,000)","description":"Number of new cancer deaths per 100,000 population. Rates are calculated using the estimated resident population at 30 June for each year. Rates are expressed as deaths per 100,000 males/females/persons for each geographic area.","stype":"ratio","isDimension":false},{"name":"colo_canc_50_74_yrs_rate_ratio","type":"Double","title":"Colorectal cancer (C18-C20) for ages 50-74 - Rate ratio (relative to all of Australia)","description":"Rate ratios are calculated as the age-standardised rate for the geographic area of interest divided by the age-standardised rate for all of Australia. A rate ratio of greater than 1 indicates that the area of interest has a higher rate than the rate for Australia. A rate ratio of less than 1 indicates that the rate for the area of interest is lower than the rate for Australia. A rate ratio of 1 indicates that the area of interest is the same as the rate for Australia.","stype":"ratio","isDimension":false},{"name":"colo_canc_50_74_yrs_tot_mort","type":"Integer","title":"Colorectal cancer (C18-C20) for ages 50-74 - Total mortality","description":"Number of deaths due to the specified cancer over the five years.","stype":"ratio","isDimension":false},{"name":"colo_canc_all_age_std_rate","type":"Double","title":"Colorectal cancer (C18-C20) - Age-standardised rate (per 100,000)","description":"Rates that are standardised to a specific standard age structure to enable comparisons between populations and over time. Age-standardised rates have been directly standardised to the 2001 Australian Standard Population. Rates are expressed as the number of deaths per 100,000 males/females/persons for each geographic area.","stype":"ratio","isDimension":false},{"name":"colo_canc_all_pop","type":"Integer","title":"Colorectal cancer (C18-C20) - Total relevant population","description":"Sum of the estimated relevant resident populations at 30 June for each of the five years.","stype":"ratio","isDimension":false},{"name":"colo_canc_all_rate","type":"Double","title":"Colorectal cancer (C18-C20) - Crude rate (per 100,000)","description":"Number of new cancer deaths per 100,000 population. Rates are calculated using the estimated resident population at 30 June for each year. Rates are expressed as deaths per 100,000 males/females/persons for each geographic area.","stype":"ratio","isDimension":false},{"name":"colo_canc_all_rate_ratio","type":"Double","title":"Colorectal cancer (C18-C20) - Rate ratio (relative to all of Australia)","description":"Rate ratios are calculated as the age-standardised rate for the geographic area of interest divided by the age-standardised rate for all of Australia. A rate ratio of greater than 1 indicates that the area of interest has a higher rate than the rate for Australia. A rate ratio of less than 1 indicates that the rate for the area of interest is lower than the rate for Australia. A rate ratio of 1 indicates that the area of interest is the same as the rate for Australia.","stype":"ratio","isDimension":false},{"name":"colo_canc_all_tot_mort","type":"Integer","title":"Colorectal cancer (C18-C20) - Total mortality","description":"Number of deaths due to the specified cancer over the five years.","stype":"ratio","isDimension":false},{"name":"lung_canc_all_age_std_rate","type":"Double","title":"Lung cancer (C33-C34) - Age-standardised rate (per 100,000)","description":"Rates that are standardised to a specific standard age structure to enable comparisons between populations and over time. Age-standardised rates have been directly standardised to the 2001 Australian Standard Population. Rates are expressed as the number of deaths per 100,000 males/females/persons for each geographic area.","stype":"ratio","isDimension":false},{"name":"lung_canc_all_pop","type":"Integer","title":"Lung cancer (C33-C34) - Total relevant population","description":"Sum of the estimated relevant resident populations at 30 June for each of the five years.","stype":"ratio","isDimension":false},{"name":"lung_canc_all_rate","type":"Double","title":"Lung cancer (C33-C34) - Crude rate (per 100,000)","description":"Number of new cancer deaths per 100,000 population. Rates are calculated using the estimated resident population at 30 June for each year. Rates are expressed as deaths per 100,000 males/females/persons for each geographic area.","stype":"ratio","isDimension":false},{"name":"lung_canc_all_rate_ratio","type":"Double","title":"Lung cancer (C33-C34) - Rate ratio (relative to all of Australia)","description":"Rate ratios are calculated as the age-standardised rate for the geographic area of interest divided by the age-standardised rate for all of Australia. A rate ratio of greater than 1 indicates that the area of interest has a higher rate than the rate for Australia. A rate ratio of less than 1 indicates that the rate for the area of interest is lower than the rate for Australia. A rate ratio of 1 indicates that the area of interest is the same as the rate for Australia.","stype":"ratio","isDimension":false},{"name":"lung_canc_all_tot_mort","type":"Integer","title":"Lung cancer (C33-C34) - Total mortality","description":"Number of deaths due to the specified cancer over the five years.","stype":"ratio","isDimension":false},{"name":"mela_canc_all_age_std_rate","type":"Double","title":"Melanoma of the skin (C43) - age-standardised rate (per 100,000)","description":"Rates that are standardised to a specific standard age structure to enable comparisons between populations and over time. Age-standardised rates have been directly standardised to the 2001 Australian Standard Population. Rates are expressed as the number of deaths per 100,000 males/females/persons for each geographic area.","stype":"ratio","isDimension":false},{"name":"mela_canc_all_pop","type":"Integer","title":"Melanoma of the skin (C43) - Total relevant population","description":"Sum of the estimated relevant resident populations at 30 June for each of the five years.","stype":"ratio","isDimension":false},{"name":"mela_canc_all_rate","type":"Double","title":"Melanoma of the skin (C43) - Crude rate (per 100,000)","description":"Number of new cancer deaths per 100,000 population. Rates are calculated using the estimated resident population at 30 June for each year. Rates are expressed as deaths per 100,000 males/females/persons for each geographic area.","stype":"ratio","isDimension":false},{"name":"mela_canc_all_rate_ratio","type":"Double","title":"Melanoma of the skin (C43) - Rate ratio (relative to all of Australia)","description":"Rate ratios are calculated as the age-standardised rate for the geographic area of interest divided by the age-standardised rate for all of Australia. A rate ratio of greater than 1 indicates that the area of interest has a higher rate than the rate for Australia. A rate ratio of less than 1 indicates that the rate for the area of interest is lower than the rate for Australia. A rate ratio of 1 indicates that the area of interest is the same as the rate for Australia.","stype":"ratio","isDimension":false},{"name":"mela_canc_all_tot_mort","type":"Integer","title":"Melanoma of the skin (C43) - Total mortality","description":"Number of deaths due to the specfied cancer over the five years.","stype":"ratio","isDimension":false},{"name":"pros_canc_all_age_std_rate","type":"Double","title":"Prostate cancer (C61) - Age-standardised rate (per 100,000)","description":"Rates that are standardised to a specific standard age structure to enable comparisons between populations and over time. Age-standardised rates have been directly standardised to the 2001 Australian Standard Population. Rates are expressed as the number of deaths per 100,000 males/females/persons for each geographic area.","stype":"ratio","isDimension":false},{"name":"pros_canc_all_pop","type":"Integer","title":"Prostate cancer (C61) - Total relevant population","description":"Sum of the estimated relevant resident populations at 30 June for each of the five years.","stype":"ratio","isDimension":false},{"name":"pros_canc_all_rate","type":"Double","title":"Prostate cancer (C61) - Crude rate (per 100,000)","description":"Number of new cancer deaths per 100,000 population. Rates are calculated using the estimated resident population at 30 June for each year. Rates are expressed as deaths per 100,000 males/females/persons for each geographic area.","stype":"ratio","isDimension":false},{"name":"pros_canc_all_rate_ratio","type":"Double","title":"Prostate cancer (C61) - Rate ratio (relative to all of Australia)","description":"Rate ratios are calculated as the age-standardised rate for the geographic area of interest divided by the age-standardised rate for all of Australia. A rate ratio of greater than 1 indicates that the area of interest has a higher rate than the rate for Australia. A rate ratio of less than 1 indicates that the rate for the area of interest is lower than the rate for Australia. A rate ratio of 1 indicates that the area of interest is the same as the rate for Australia.","stype":"ratio","isDimension":false},{"name":"pros_canc_all_tot_mort","type":"Integer","title":"Prostate cancer (C61) - Total mortality","description":"Number of deaths due to the specified cancer over the five years.","stype":"ratio","isDimension":false},{"name":"sa3_name11","type":"String","title":"SA3 Name 2011","description":"SA3 Name 2011.","stype":"nominal","isDimension":false}],"filter":{"filterType":"tabular","feature":{"key":"sa3_code11","geoLevel":"sa3","geoField":"ignored","year":"2006","featureBbox":[140.961681984,-39.159189527500004,149.976679008,-33.9806475865],"featureType":"ste","featureInstance":"2","featureName":"Victoria","referenceSystemIdentifier":"urn:x-ogc:def:crs:EPSG:4283","prefix":"","keyTransform":null},"states":["2"]}}