{"organisation":"AU_Govt_ABS_Census","name":"sa1_g30_number_motor_vehicles_by_dwelling_census_2016","title":"SA1-G30 Number of Motor Vehicle by Dwelling Structure-Census 2016","legal":{"attribution":"{datasource.organisationTitle}, ({dataset.attributionYear}): {dataset.title}; accessed from AURIN Portal on {dateOfAccess}.","attributionYear":"2017","clickthrough":false,"copyrightNotice":"&copy; {datasource.organisationTitle} {dataset.copyrightYear}","copyrightYear":"2017","licenceType":"Creative Commons Attribution 2.5 Australia (CC BY 2.5 AU)"},"referenceSystemIdentifier":"urn:x-ogc:def:crs:EPSG:4283","geoLevel":"sa1_2016","key":"sa1_main16","keyRegex":null,"availability":"true","geomField":"wkb_geometry","keyword":"dwelling,motor vehicles ,gcp,cars,census,general community profile,2016,g30,sa1","theme":null,"temporalExtent":{"beginDate":"2016-08-09T00:00:00","endDate":"2016-08-11T00:00:00","selectTime":false},"type":"dataset","_id":"dataset-AU_Govt_ABS_Census-sa1_g30_number_motor_vehicles_by_dwelling_census_2016-sa1_2016","bbox":null,"abstract":"SA1 based data for Number of Motor Vehicles by Dwellings, in General Community Profile (GCP), 2016 Census. Count of occupied private dwellings categorised by the number of registered motor vehicles owned or used by household members. It includes company owned vehicles garaged, parked at or near private dwellings on Census night. It excludes motorbikes and scooters. Excludes 'Visitors only' and 'Other non-classifiable' households. The data is by SA1 2016 boundaries. Periodicity: 5-Yearly. <br/> \nNote: There are small random adjustments made to all cell values to protect the confidentiality of data. These adjustments may cause the sum of rows or columns to differ by small amounts from table totals.<br/> \nFor more information visit the data source: <a href=http://www.abs.gov.au/census>http://www.abs.gov.au/census</a>.\n","selectedAttributes":[{"name":"sa1_main16","type":"String","title":"SA1 2016 11-digit identifier","description":"SA1 2016 11-digit identifier.","stype":"nominal","isDimension":false},{"name":"num_mvs_ns","type":"Integer","title":"Number of motor vehicles not stated Dwellings","description":"Number of motor vehicles not stated Dwellings.","stype":"ratio","isDimension":false},{"name":"num_mvs_per_dweling_0_mvs","type":"Integer","title":"Number of motor vehicles per dwelling None","description":"Number of motor vehicles per dwelling None.","stype":"ratio","isDimension":false},{"name":"num_mvs_per_dweling_1_mvs","type":"Integer","title":"Number of motor vehicles per dwelling One","description":"Number of motor vehicles per dwelling One.","stype":"ratio","isDimension":false},{"name":"num_mvs_per_dweling_2_mvs","type":"Integer","title":"Number of motor vehicles per dwelling Two","description":"Number of motor vehicles per dwelling Two.","stype":"ratio","isDimension":false},{"name":"num_mvs_per_dweling_3_mvs","type":"Integer","title":"Number of motor vehicles per dwelling Three","description":"Number of motor vehicles per dwelling Three.","stype":"ratio","isDimension":false},{"name":"num_mvs_per_dweling_4mo_mvs","type":"Integer","title":"Number of motor vehicles per dwelling Four or more","description":"Number of motor vehicles per dwelling Four or more.","stype":"ratio","isDimension":false},{"name":"num_mvs_per_dweling_tot","type":"Integer","title":"Total Dwellings with at least one motor vehicle","description":"Total Dwellings with at least one motor vehicle.","stype":"ratio","isDimension":false},{"name":"sa1_7dig16","type":"String","title":"SA1 7 digit code 2016","description":"SA1 7 digit code 2016.","stype":"nominal","isDimension":false},{"name":"total_dwelings","type":"Integer","title":"Total Dwellings","description":"Total Dwellings.","stype":"ratio","isDimension":false}],"filter":{"filterType":"tabular","feature":{"key":"sa1_main16","geoLevel":"sa1_2016","geoField":"ignored","year":"2006","featureBbox":[140.961681984,-39.159189527500004,149.976679008,-33.9806475865],"featureType":"ste","featureInstance":"2","featureName":"Victoria","referenceSystemIdentifier":"urn:x-ogc:def:crs:EPSG:4283","prefix":"","keyTransform":null},"states":["2"]}}