{"organisation":"VIC_Govt_VCGLR","name":"vcglr_liquor_venues_20190308","title":"VCGLR - Liquor Venues (Point) February 2019","legal":{"copyrightYear":"2019","attributionYear":"2019","attribution":"{datasource.organisationTitle}, ({dataset.attributionYear}): {dataset.title}; accessed from AURIN Portal on {dateOfAccess}.","clickthrough":false,"licenceType":"Creative Commons Attribution 4.0 International (CC BY 4.0)","copyrightNotice":"&copy; {datasource.organisationTitle} {dataset.copyrightYear}"},"referenceSystemIdentifier":"urn:x-ogc:def:crs:EPSG:4283","geoLevel":"NA","key":"objectid","keyRegex":null,"availability":"true","geomField":"the_geom","keyword":"licence,gaming,population","theme":null,"temporalExtent":{"beginDate":"2019-03-07T00:00:00","endDate":"2019-03-08T00:00:00","selectTime":false},"type":"dataset","_id":"dataset-VIC_Govt_VCGLR-vcglr_liquor_venues_20190308-NA","bbox":null,"abstract":"This dataset includes liquor venues by street address, suburb or town, venue name, licence number or licence category. Liquor licence data is updated directly from the Victorian Commission for Gambling and Liquor Regulation's (VCGLR) licensing database daily.<br/><br/>\n\nFor more information visit the <a href=\"https://www.vcglr.vic.gov.au\" target=\"_blank\">VCGLR's website</a>.<br/><br/>\n\nPlease note:\n<ul>\n<li>AURIN has extracted venue lists from the VCGLR's <a href=\"https://geomaps.vcglr.vic.gov.au/Liquor/\" target=\"_blank\">interactive map of Victoria's liquor venues</a> and spatially enabled them on the 8th of March 2019.</li>\n</ul>","selectedAttributes":[{"name":"objectid","type":"Integer","title":"OBJECTID","description":"objectid","isDimension":false},{"name":"address_1","type":"String","title":"Address 1","description":"address_1","isDimension":false},{"name":"address_2","type":"String","title":"Address 2","description":"address_2","isDimension":false},{"name":"lat","type":"Double","title":"Lat","description":"Latitude in decimal degrees (GDA94).","isDimension":false},{"name":"lga","type":"String","title":"LGA","description":"Local Government Area (LGA) name.","isDimension":false},{"name":"licence_category","type":"String","title":"Licence Category","description":"licence_category","isDimension":false},{"name":"licence_no","type":"Integer","title":"Licence No","description":"licence_no","isDimension":false},{"name":"long","type":"Double","title":"Long","description":"Longitude in decimal degrees (GDA94).","isDimension":false},{"name":"postcode","type":"Integer","title":"Postcode","description":"Postcode.","isDimension":false},{"name":"premises_name","type":"String","title":"Premises Name","description":"premises_name","isDimension":false},{"name":"suburb","type":"String","title":"Suburb","description":"suburb","isDimension":false},{"name":"the_geom","type":"Geometry","title":"Geoemtry Field.","description":"Geometry field.","isDimension":false}],"filter":{"filterType":"tabular","spatial":{"bbox":[140.961681984,-39.1591895275,149.976679008,-33.9806475865]},"states":["2"]}}