{"organisation":"VIC_Govt_VicHealth","name":"vichealth:sla_inadequate_sleep","title":"SLA Inadequate sleep (<7 hours per weekday)","legal":{"copyrightYear":"2011 - 2014","attributionYear":"2014","attribution":"{datasource.organisationTitle}, ({dataset.attributionYear}): {dataset.title}; accessed from AURIN Portal on {dateOfAccess}.","clickthrough":true,"licenceType":"Data Licence (AURIN)","termsUrl":"https://apps.aurin.org.au/gate/copyright/VicHealth/VicHealth_Additional_TOU_2018.pdf","copyrightNotice":"&copy; Victorian Health Promotion Foundation {dataset.copyrightYear}"},"referenceSystemIdentifier":"urn:x-ogc:def:crs:EPSG:4283","geoLevel":"sla","key":"sla_code06","keyRegex":null,"availability":"true","geomField":"the_geom","keyword":"work, life, time","theme":null,"temporalExtent":null,"type":"dataset","_id":"dataset-VIC_Govt_VicHealth-vichealth:sla_inadequate_sleep-sla","bbox":null,"abstract":"The data is presented as a percentage of those who report sleeping less than 7 hours on average on a typical weekday.  A small number of survey respondents (0.6% of the weighted survey estimates across Victoria) didn't know or refused to answer the survey question.  These respondents have been excluded from the data analysis. Survey question: On a typical WEEKDAY how many hours sleep do you get? Response given in hours and minutes. Source of question: VicHealth Indicators Survey, 2011","selectedAttributes":[{"name":"sla_code06","type":"String","title":"SLA Code (ABS 2006)","description":"SLA Code (ABS 2006)","stype":"nominal","isDimension":false},{"name":"sla_name06","type":"String","title":"SLA Name (ABS 2006)","description":"SLA Name (ABS 2006)","stype":"nominal","isDimension":false},{"name":"estimate","type":"Float","title":"SLA estimate","description":"SLA estimate","stype":"ratio","isDimension":false},{"name":"se","type":"Float","title":"standard error","description":"standard error","stype":"ratio","isDimension":false},{"name":"ci_low","type":"Float","title":"SLA estimate lower confidence interval","description":"SLA estimate lower confidence interval","stype":"ratio","isDimension":false},{"name":"ci_high","type":"Float","title":"SLA estimate upper confidence interval","description":"SLA estimate upper confidence interval","stype":"ratio","isDimension":false},{"name":"rse","type":"Float","title":"relative standard error","description":"relative standard error","stype":"ratio","isDimension":false}],"filter":{"filterType":"tabular","feature":{"key":"sla_code06","geoLevel":"sla","geoField":"ignored","year":"2006","featureBbox":[140.961681984,-39.159189527500004,149.976679008,-33.9806475865],"featureType":"ste","featureInstance":"2","featureName":"Victoria","referenceSystemIdentifier":"urn:x-ogc:def:crs:EPSG:4283","prefix":"","keyTransform":null},"states":["2"]}}