region, attached_entitlements, issue_date, type, postcode, liq_licence_type, operator, category, suburb, address, name, liq_licencee, longitude, latitude, objectid, district, lga
"Melbourne CBD, Docklands & Southbank Precincts",null,null,"Hotel",3000,null,null,"Non-Gaming Hotel","MELBOURNE","NO.1. QV SQUARE, CORNER SWANSTON & LONSDALE STREET","THREE DEGREES",null,144.9649,-37.811154,794,"Metro","City of Melbourne"
"Banyule (Capped Region)",65,"2002-12-18T00:00:00.000+0000","Hotel",3084,"GE","OBISAX PTY LTD","Hotel-General","HEIDELBERG","92 BURGUNDY STREET","SIR HENRY BARKLY HOTEL","OBISAX PTY LTD",145.0675049,-37.7558,687,"Metro","City of Banyule"
"Horsham Rural City",36,"2004-02-24T00:00:00.000+0000","Club",3400,"CL","HORSHAM RSL SUB-BRANCH INC","Club-Full","HORSHAM","36 MCLACHLAN STREET","HORSHAM RSL","HORSHAM RSL SUB BRANCH INC",142.1999969,-36.7129,355,"Country","Rural City of Horsham"
"Frankston City (Municipal Limit)",null,null,"Hotel",3199,null,null,"Non-Gaming Hotel","FRANKSTON","510 NEPEAN HWY","DAVEYS HOTEL",null,145.119024,-38.14542,215,"Metro","City of Frankston"
"Yarra Ranges Shire (Capped Region 20)",null,null,"Hotel",3796,null,null,"Non-Gaming Hotel","MT EVELYN","CNR YORK & SWANSEA ROADS","YORK ON LILYDALE TAVERNER TAB",null,145.3620023,-37.78523937,879,"Metro","Shire of Yarra Ranges"
"South Gippsland Shire",null,null,"Hotel",3950,null,null,"Non-Gaming Hotel","KORUMBURRA","81 COMMERCIAL STREET","KORUMBURRA HOTEL TAB",null,145.8232715,-38.43183568,401,"Country","Shire of South Gippsland"
"Colac-Otway Shire",25,"2003-04-15T00:00:00.000+0000","Club",3250,"CL","COLAC RSL SUB-BRANCH INC","Club-Full","COLAC","21 MURRAY STREET","COLAC RSL","COLAC SUB-BRANCH RSL",143.5906067,-38.3392,161,"Country","Shire of Colac-Otway"
"Warrnambool (Capped Region)",null,null,"Hotel",3280,null,null,"Non-Gaming Hotel","WARRNAMBOOL","CNR KOROIT & KEPLER STREET","HOTEL WARRNAMBOOL",null,142.4816926,-38.38222377,361,"Country","City of Warrnambool"
"South Gippsland Shire",44,"2003-04-01T00:00:00.000+0000","Club",3953,"CL","LEONGATHA RSL SUB-BRANCH INC","Club-Full","LEONGATHA","CORNER SMITH STREET AND MICHAEL PLACE","LEONGATHA RSL","LEONGATHA RSL SUB BRANCH INC",145.9452057,-38.4754,418,"Country","Shire of South Gippsland"
"Kingston City",50,"2002-12-18T00:00:00.000+0000","Hotel",3195,"GE","DOYLE'S BRIDGE HOTEL PTY LTD","Hotel-General","MORDIALLOC","1 NEPEAN HIGHWAY","THE BRIDGE HOTEL","DOYLE'S BRIDGE HOTEL PTY LTD",145.0879974,-38.01,750,"Metro","City of Kingston"
"Glenelg Shire",40,"2003-04-27T00:00:00.000+0000","Club",3305,"CL","PORTLAND RSL MEMORIAL BOWLING CLUB INC","Club-Full","PORTLAND","33 CAPE NELSON ROAD","PORTLAND RSL MEMORIAL BOWLING CLUB","PORTLAND MEMORIAL BOWLING CLUB RSL",141.6060944,-38.3594,587,"Country","Shire of Glenelg"
"Greater Geelong and Queenscliffe (Capped Region)",null,null,"Hotel",3220,null,null,"Non-Gaming Hotel","NEWTOWN","336 PAKINGTON ST","CREMORNE HOTEL",null,144.3454224,-38.1570141,195,"Country","City of Greater Geelong"
"Maribyrnong (Capped Region)",30,"2000-02-29T00:00:00.000+0000","Club",3011,null,"FOOTSCRAY FOOTBALL CLUB LIMITED","Club-Full","FOOTSCRAY","17 LEEDS STREET","CLUB LEEDS",null,144.9011993,-37.7995,152,"Metro","City of Maribyrnong"
"Casey (Capped Region)",52,"1999-10-10T00:00:00.000+0000","Hotel",3977,"GE","THE CRANBOURNE HOTEL PTY LTD","Hotel-General","CRANBOURNE","CNR SOUTH GIPPSLAND HIGHWAY & CAMMS ROAD","THE SETTLEMENT AT CRANBOURNE","THE CRANBOURNE HOTEL PTY LTD",145.283493,-38.0975,782,"Metro","City of Casey"
"Whittlesea (Capped Region)",75,"2002-12-10T00:00:00.000+0000","Club",3076,"CL","CASA D'ABRUZZO CLUB","Club-Full","EPPING","55 O'HERNS ROAD","CASA D'ABRUZZO CLUB","CASA D'ABRUZZO CLUB",145.0196075,-37.6381,118,"Metro","City of Whittlesea"
"Melbourne CBD, Docklands & Southbank Precincts",null,null,"TAB Agency",3008,null,null,"Non-Gaming TAB Agency","MELBOURNE","ETIHAD STADIUM - GATE 3 - LEVEL 1- ISLE","ETIHAD STADIUM - GATE 3 - LEVEL 1- ISLE",null,144.94747,-37.81645,258,"Metro","City of Melbourne"
"Melbourne City (Municipal Limit)",null,null,"TAB Agency",3000,null,null,"Non-Gaming TAB Agency","MELBOURNE","MCG - LEVEL B1 - BAY 7","MCG - LEVEL B1 - BAY 7",null,144.98254,-37.81915,461,"Metro","City of Melbourne"
"Greater Bendigo City",35,"2002-12-10T00:00:00.000+0000","Hotel",3550,"GE","RISING SUN (BGO.) PTY LTD","Hotel-General","BENDIGO","84 BARNARD STREET","RISING SUN HOTEL","RISING SUN (BGO) PTY LTD",144.2828064,-36.7502,627,"Country","City of Greater Bendigo"
"Buloke Shire",null,null,"Hotel",3482,null,null,"Non-Gaming Hotel","WATCHEM","28 CAMP ST","WATCHEM HOTEL",null,142.8597194,-36.14719834,839,"Country","Buloke Shire"
"Manningham City",90,"2001-02-20T00:00:00.000+0000","Club",3105,"CL","CARLTON FOOTBALL CLUB LIMITED","Club-Full","BULLEEN","1 THOMPSONS ROAD","MANNINGHAM CLUB","CARLTON FOOTBALL CLUB LIMITED",145.0812988,-37.7775,447,"Metro","City of Manningham"
"Banyule (Capped Region)",93,"2002-05-13T00:00:00.000+0000","Hotel",3084,"GE","OLD ENGLAND HOTEL PTY LTD","Hotel-General","HEIDELBERG","459 LOWER HEIDELBERG ROAD","OLD ENGLAND HOTEL","OLD ENGLAND HOTEL PTY LTD",145.0686951,-37.7581,545,"Metro","City of Banyule"
"Bayside City",48,"2003-03-19T00:00:00.000+0000","Hotel",3186,"GE","AUSTRALIAN LEISURE AND HOSPITALITY GROUP PTY LTD","Hotel-General","BRIGHTON","4 THE ESPLANADE","MILANO'S HOTEL","ROYAL TERMINUS BRIGHTON BEACH P/L",144.9877014,-37.9263,476,"Metro","City of Bayside"
"Yarra Ranges Shire",30,"2003-05-27T00:00:00.000+0000","Club",3797,"CL","UPPER YARRA RSL SUB-BRANCH INC","Club-Full","YARRA JUNCTION","119 SETTLEMENT ROAD","UPPER YARRA RSL","UPPER YARRA RSL SUB-BRANCH INC",145.6253052,-37.7766,808,"Metro","Shire of Yarra Ranges"
"Indigo Shire",null,null,"Hotel",3747,null,null,"Non-Gaming Hotel","BEECHWORTH","1A CAMP STREET","HOTEL NICHOLAS",null,146.68788,-36.36069,359,"Country","Indigo Shire"
"Melbourne CBD, Docklands & Southbank Precincts",null,null,"TAB Agency",3008,null,null,"Non-Gaming TAB Agency","MELBOURNE","ETIHAD STADIUM - LEVEL 2 - MEDALLION CLUB ENTRY","ETIHAD STADIUM - LEVEL 2 - MEDALLION CLUB ENTRY",null,144.94746,-37.81644,259,"Metro","City of Melbourne"
"Monash City (Municipal Limit)",null,null,"Hotel",3150,null,null,"Non-Gaming Hotel","WHEELERS HILL","CNR JELLS AND FERNTREE GULLY ROAD","WHEELERS HILL HOTEL TAB",null,145.183306,-37.90612059,860,"Metro","City of Monash"
"Banyule (Capped Region)",85,"1999-12-20T00:00:00.000+0000","Hotel",3079,"GE","BLACK RHINO (IVANHOE) PTY LTD","Hotel-General","IVANHOE","120 UPPER HEIDELBERG ROAD","IVANHOE HOTEL","AVZUR HOTELS PTY LTD",145.0419006,-37.7694,370,"Metro","City of Banyule"
"Indigo Shire",null,null,"Hotel",3685,null,null,"Non-Gaming Hotel","RUTHERGLEN","105 MAIN STREET","STAR HOTEL",null,146.460138,-36.05406323,714,"Country","Indigo Shire"
"Melbourne City (Municipal Limit)",null,null,"TAB Agency",3002,null,null,"Non-Gaming TAB Agency","MELBOURNE","MCG","MCG - LEVEL B1 BAY 27",null,144.9848,-37.8207,462,"Metro","City of Melbourne"
"Alpine Shire",null,null,"Club",3699,"CL",null,"Club-Full","MT BEAUTY","1 LAKESIDE AVENUE","MOUNT BEAUTY COUNTRY CLUB","MOUNT BEAUTY COUNTRY CLUB INC",147.1690979,-36.7425,505,"Country","Alpine Shire"
"Horsham Rural City",83,"2003-07-01T00:00:00.000+0000","Club",3400,"CL","HORSHAM SPORTS & COMMUNITY CLUB","Club-Full","HORSHAM","177-181 BAILLIE ST","HORSHAM SPORTS & COMMUNITY CLUB","HORSHAM SPORTS AND COMMUNITY CLUB",142.1985931,-36.712,356,"Country","Rural City of Horsham"
"Mitchell Shire",null,null,"Hotel",3753,null,null,"Non-Gaming Hotel","BEVERIDGE","9 OLD HUME HIGHWAY","BEVERIDGE TAVERN",null,144.97365,-37.4707,70,"Country","Shire of Mitchell"
"Hepburn Shire",32,"2003-10-05T00:00:00.000+0000","Club",3460,"CL","DAYLESFORD BOWLING CLUB INC","Club-Full","DAYLESFORD","8 CAMP STREET","DAYLESFORD BOWLING CLUB","DAYLESFORD BOWLING CLUB INC",144.1452026,-37.3413,216,"Country","Shire of Hepburn"
"Maribyrnong (Capped Region)",76,"2003-12-21T00:00:00.000+0000","Club",3012,"CL","YARRAVILLE CLUB CRICKET CLUB INC","Club-Full","MAIDSTONE","CORNER BALLARAT & ROSAMOND ROADS","YARRAVILLE CLUB CRICKET CLUB","YARRAVILLE CLUB CRICKET CLUB INC",144.8827972,-37.7881,874,"Metro","City of Maribyrnong"
"Yarra Ranges Shire",80,"2003-08-26T00:00:00.000+0000","Club",3140,"CL","VERMONT FOOTBALL CLUB INC","Club-Full","LILYDALE","471 MAROONDAH HIGHWAY","THE INTERNATIONAL","COLLINGWOOD FOOTBALL CLUB LTD",145.3647003,-37.7523,765,"Metro","Shire of Yarra Ranges"
"Manningham City",90,"2002-05-27T00:00:00.000+0000","Club",3105,"CL","VENETO CLUB","Club-Full","BULLEEN","191 BULLEEN ROAD","VENETO CLUB","VENETO CLUB",145.0778961,-37.7724,811,"Metro","City of Manningham"
"Melbourne City (Municipal Limit)",null,null,"TAB Agency",3000,null,null,"Non-Gaming TAB Agency","MELBOURNE","MCG - LEVEL 4 BAY Q40","MCG - LEVEL 4 BAY Q40",null,144.98254,-37.81915,459,"Metro","City of Melbourne"
"Port Phillip City",45,"2002-01-21T00:00:00.000+0000","Hotel",3183,"GE","AUSTRALIAN LEISURE AND HOSPITALITY GROUP PTY LTD","Hotel-General","BALACLAVA","123 CARLISLE STREET","BALACLAVA HOTEL","BALACLALVA HOTEL (BALACLALVA) PTY LTD",144.9909973,-37.8687,41,"Metro","City of Port Phillip"
"Warrnambool (Capped Region)",24,"2001-08-06T00:00:00.000+0000","Club",3280,"CL","WARRNAMBOOL RSL SUB-BRANCH INC","Club-Full","WARRNAMBOOL","CORNER LIEBIG & MERRI STREET","WARRNAMBOOL RSL","WARRNAMBOOL RSL SUB-BRANCH INC",142.4803925,-38.3869,837,"Country","City of Warrnambool"
"Ballarat (Capped Region)",null,null,"Hotel",3350,null,null,"Non-Gaming Hotel","NORTH BALLARAT","27 LYDIARD STREET","GEORGE HOTEL & BAR TAB",null,143.8576996,-37.5608486,296,"Country","City of Ballarat"
"Wangaratta Rural City",32,"2003-06-10T00:00:00.000+0000","Club",3677,"CL","WANGARATTA RSL SUB-BRANCH INC","Club-Full","WANGARATTA","VICTORIA PARADE","WANGARATTA RSL","WANGARATTA RSL SUB BRANCH INC",146.3269043,-36.3538,829,"Country","Rural City of Wangaratta"
"Wellington Shire",null,null,"Hotel",3971,null,null,"Non-Gaming Hotel","PORT ALBERT","37 WHARF STREET","PORT ALBERT HOTEL",null,146.69612,-38.67438,583,"Country","Shire of Wellington"
"Melbourne City (Municipal Limit)",null,null,"TAB Agency",3000,null,null,"Non-Gaming TAB Agency","MELBOURNE","MCG - LEVEL B1 - BAY 34","MCG - LEVEL B1 - BAY 34",null,144.98254,-37.81915,460,"Metro","City of Melbourne"
"Greater Geelong and Queenscliffe (Capped Region)",17,"2002-06-24T00:00:00.000+0000","Club",3220,"CL","GEELONG FOOTBALL CLUB LIMITED","Club-Full","GEELONG","LATROBE TERRACE, KARDINIA PARK","GEELONG FOOTBALL CLUB","GEELONG FOOTBALL CLUB LTD",144.3538055,-38.1574,291,"Country","City of Greater Geelong"
"Baw Baw Shire",30,"2002-07-07T00:00:00.000+0000","Club",3820,"C","WARRAGUL INDUSTRIALS FOOTBALL NETBALL CLUB INC","Club-Full","WARRAGUL","51 QUEEN STREET","CLUB HOTEL (WARRAGUL)","WARRAGUL INDUSTRIALS FOOTBALL NETBALL CLUB INC",145.9299011,-38.1629,148,"Country","Shire of Baw Baw"
"Moonee Valley (Capped Region)",96,"2002-07-31T00:00:00.000+0000","Hotel",3042,"GE","AUSTRALIAN LEISURE AND HOSPITALITY GROUP PTY LTD","Hotel-General","AIRPORT WEST","113 MATHEWS AVENUE","SKYWAYS TAVERNER","NEW THEME PTY LTD",144.8880005,-37.7123,689,"Metro","City of Moonee Valley"
"Darebin (Capped Region)",30,"2003-05-20T00:00:00.000+0000","Club",3071,"CL","CLUB FOGOLAR FURLAN MELBOURNE","Club-Full","THORNBURY","1 MATISI STREET","FURLAN CLUB","CLUB FOGOLAR FURLAN MELBOURNE",145.0279999,-37.7575,285,"Metro","City of Darebin"
"Latrobe (Capped Region)",35,"2004-01-20T00:00:00.000+0000","Club",3840,"CL","THE MORWELL CLUB INC","Club-Full","MORWELL","136 HELEN STREET","MORWELL CLUB","THE MORWELL CLUB INC",146.391098,-38.234,500,"Country","City of La Trobe"
"East Gippsland (Capped Region)",35,"2001-10-18T00:00:00.000+0000","Club",3909,"CL","LAKES ENTRANCE RSL SUB-BRANCH INC","Club-Full","LAKES ENTRANCE","221 THE ESPLANADE","LAKES ENTRANCE RSL","LAKES ENTRANCE RSL SUB BRANCH INC",147.9808044,-37.8812,408,"Country","Shire of East Gippsland"
"Banyule (Capped Region)",31,"2003-12-16T00:00:00.000+0000","Club",3081,"CL","WEST HEIDELBERG RSL SUB-BRANCH INC","Club-Full","WEST HEIDELBERG","180 BELL STREET","WEST HEIDELBERG RSL","WEST HEIDELBERG RSL SUB-BRANCH INC",145.0494995,-37.7521,849,"Metro","City of Banyule"
"Colac-Otway Shire",null,null,"Hotel",3250,null,null,"Non-Gaming Hotel","COLAC","1 DALTON STREET","EAST COLAC HOTEL",null,143.6093671,-38.33020566,231,"Country","Shire of Colac-Otway"
"Ararat Rural City",33,"2003-01-20T00:00:00.000+0000","Club",3377,"CL","CHALAMBAR GOLF CLUB ARARAT INC","Club-Full","ARARAT","118 GOLF LINKS ROAD","CHALAMBAR GOLF CLUB","CHALAMBAR GOLF CLUB ARARAT INC",142.9111938,-37.2701,128,"Country","Rural City of Ararat"
"Hume (Capped Region)",78,"2002-09-29T00:00:00.000+0000","Club",3429,"CL","SUNBURY BOWLING CLUB INC","Club-Full","SUNBURY","49 RIDDELL ROAD","SUNBURY BOWLING CLUB","SUNBURY BOWLING CLUB INC",144.7225037,-37.572,723,"Metro","City of Hume"
"Greater Bendigo City",40,"2003-08-29T00:00:00.000+0000","Club",3556,"CL","BENDIGO STADIUM LIMITED","Club-Full","EAGLEHAWK","2-4 HIGH STREET","THE BOROUGH CLUB","BENDIGO STADIUM LTD",144.2519989,-36.7179,749,"Country","City of Greater Bendigo"
"Greater Geelong and Queenscliffe (Capped Region)",30,"1999-10-18T00:00:00.000+0000","Club",3225,"CL","QUEENSCLIFF BOWLING TENNIS AND CROQUET ASSOC. INC","Club-Full","QUEENSCLIFF","118 HESSE STREET","QUEENSCLIFF BOWLING TENNIS AND CROQUET CLUB","QUEENSCLIFF BOWLING TENNIS AND CROQUET CLUB",144.656601,-38.2719,600,"Country","Borough of Queenscliffe"
"Swan Hill Rural City",42,"2001-01-16T00:00:00.000+0000","Club",3585,"CL","MURRAY DOWNS GOLF & COUNTRY CLUB LTD","Club-Full","SWAN HILL","5 -17 MCCALLUM STREET","SWAN HILL CLUB","SWAN HILL CLUB",143.5605011,-35.3389,729,"Country","Rural City of Swan Hill"
"Greater Geelong and Queenscliffe (Capped Region)",28,"2000-04-04T00:00:00.000+0000","Hotel",3220,"GE","WOOL EXCHANGE HOTEL PTY LTD","Hotel-General","GEELONG","59 MOORABOOL STREET","PHOENIX HOTEL","WOOL EXCHANGE HOTEL",144.3616028,-38.1462,572,"Country","City of Greater Geelong"
"Mildura Rural City",20,"1999-11-23T00:00:00.000+0000","Club",3500,"CL","MILDURA GOLF CLUB INC","Club-Full","MILDURA","TWELFTH STREET","MILDURA GOLF CLUB","MILDURA GOLF CLUB INCORPORATED",142.1376953,-34.1777,478,"Country","Rural City of Mildura"
"Central Goldfields (Capped Region)",40,"2003-10-20T00:00:00.000+0000","Club",3465,"CL","MARYBOROUGH GOLF CLUB INC","Club-Full","MARYBOROUGH","125 PARK ROAD","MARYBOROUGH GOLF CLUB","MARYBOROUGH GOLF CLUB",143.7424927,-37.0319,455,"Country","Shire of Central Goldfields"
"Ballarat (Capped Region)",50,"2000-08-15T00:00:00.000+0000","Club",3356,"CL","SEBASTOPOL BOWLING CLUB INC","Club-Full","SEBASTOPOL","213-219 ALBERT STREET","SEBASTOPOL BOWLING CLUB","SEBASTOPOL BOWLING CLUB",143.8415985,-37.6002,675,"Country","City of Ballarat"
"Wangaratta Rural City",null,null,"Hotel",3678,null,null,"Non-Gaming Hotel","WANGARATTA","27 DETOUR ROAD","VINE HOTEL",null,146.3528211,-36.32818902,824,"Country","Rural City of Wangaratta"
"Ballarat (Capped Region)",null,null,"Hotel",3350,null,null,"Non-Gaming Hotel","BALLARAT","272 PARK STREET WEST","MARKET HOTEL",null,143.82087,-37.56974,452,"Country","City of Ballarat"
"Campaspe Shire",null,null,"Hotel",3561,null,null,"Non-Gaming Hotel","ROCHESTER","39 MOORE STREET","HOTEL ROCHESTER",null,144.6995526,-36.36210615,360,"Country","Shire of Campaspe"
"Whittlesea (Capped Region)",36,"2001-06-18T00:00:00.000+0000","Club",3075,"CL","LALOR BOWLING CLUB INC","Club-Full","LALOR","CNR SYDNEY CRESCENT & GORDON STREET","LALOR BOWLING CLUB","LALOR BOWLING CLUB INC",145.0218048,-37.6668,412,"Metro","City of Whittlesea"
"Moreland (Capped Region)",85,"2003-09-09T00:00:00.000+0000","Club",3056,"CL","NORTHCOTE PARK FOOTBALL CLUB INC","Club-Full","BRUNSWICK","71 SYDNEY ROAD","NORTHCOTE PARK FOOTBALL CLUB","NORTHCOTE FOOTBALL CLUB INC",144.9602966,-37.7759,535,"Metro","City of Moreland"
"Brimbank (Capped Region)",null,null,"Club",3030,null,null,"Non-Gaming Club","DERRIMUT","475 MT DERRIMUT ROAD","SUNSHINE GOLF CLUB",null,144.77856,-37.79552,727,"Metro","City of Brimbank"
"Greater Dandenong (Capped Region)",35,"2004-05-25T00:00:00.000+0000","Club",3174,"CL","NOBLE PARK RSL SUB-BRANCH INC","Club-Full","NOBLE PARK","1128 HEATHERTON ROAD","NOBLE PARK RSL","NOBLE PARK RSL SUB BRANCH INC",145.1761017,-37.9656,529,"Metro","City of Greater Dandenong"
"Warrnambool (Capped Region)",38,"2003-08-26T00:00:00.000+0000","Club",3280,"CL","CITY MEMORIAL BOWLS CLUB WARRNAMBOOL INC","Club-Full","WARRNAMBOOL","50-58 CRAMER STREET","CITY MEMORIAL BOWLS CLUB","WARRNAMBOOL CITY MEMORIAL BOWLS CLUB",142.4958038,-38.3775,137,"Country","City of Warrnambool"
"Buloke Shire",null,null,"Hotel",3480,null,null,"Non-Gaming Hotel","DONALD","108 WOOD STREET","BULLOCK'S HEAD TAVERN",null,142.9834474,-36.37186922,100,"Country","Buloke Shire"
