{"organisation":"VIC_Govt_VCGLR","name":"vcglr_keno_wagering_venues_20190308","title":"VCGLR - Keno and Wagering Venues (Point) February 2019","legal":{"copyrightYear":"2019","attributionYear":"2019","attribution":"{datasource.organisationTitle}, ({dataset.attributionYear}): {dataset.title}; accessed from AURIN Portal on {dateOfAccess}.","clickthrough":false,"licenceType":"Creative Commons Attribution 4.0 International (CC BY 4.0)","copyrightNotice":"&copy; {datasource.organisationTitle} {dataset.copyrightYear}"},"referenceSystemIdentifier":"urn:x-ogc:def:crs:EPSG:4283","geoLevel":"NA","key":"objectid","keyRegex":null,"availability":"true","geomField":"the_geom","keyword":"licence,gaming,population","theme":null,"temporalExtent":{"beginDate":"2019-02-01T00:00:00","endDate":"2019-02-28T00:00:00","selectTime":false},"type":"dataset","_id":"dataset-VIC_Govt_VCGLR-vcglr_keno_wagering_venues_20190308-NA","bbox":null,"abstract":"This dataset includes Keno and wagering (TAB) facilities by street address, suburb or town, venue name, licence number or licence category. Gambling data is regularly updated directly from the Victorian Commission for Gambling and Liquor Regulation's (VCGLR) licensing database. Gambling licence data is updated monthly.<br/><br/>\n\nFor more information visit the <a href=\"https://www.vcglr.vic.gov.au\" target=\"_blank\">VCGLR's website</a>.<br/><br/>\n\nPlease note:\n<ul>\n<li>AURIN has extracted venue lists from the VCGLR's <a href=\"https://geomaps.vcglr.vic.gov.au/KenoWagering/\" target=\"_blank\">interactive map of Keno and wagering (TAB) facilities</a> and spatially enabled them on the 8th of March 2019.</li>\n</ul>","selectedAttributes":[{"name":"objectid","type":"Integer","title":"OBJECTID","description":"objectid","isDimension":false},{"name":"address","type":"String","title":"Address","description":"address","isDimension":false},{"name":"attached_entitlements","type":"Integer","title":"Attached Entitlements","description":"attached_entitlements","isDimension":false},{"name":"category","type":"String","title":"CATEGORY","description":"category","isDimension":false},{"name":"district","type":"String","title":"District","description":"district","isDimension":false},{"name":"issue_date","type":"timestamp without time zone","title":"ISSUE DATE","description":"issue_date","isDimension":false},{"name":"latitude","type":"Double","title":"LATITUDE","description":"latitude","isDimension":false},{"name":"lga","type":"String","title":"LGA","description":"Local Government Area (LGA) name.","isDimension":false},{"name":"liq_licencee","type":"String","title":"LIQ LICENCEE","description":"liq_licencee","isDimension":false},{"name":"liq_licence_type","type":"String","title":"LIQ LICENCE TYPE","description":"liq_licence_type","isDimension":false},{"name":"longitude","type":"Double","title":"LONGITUDE","description":"longitude","isDimension":false},{"name":"name","type":"String","title":"NAME","description":"name","isDimension":false},{"name":"operator","type":"String","title":"OPERATOR","description":"operator","isDimension":false},{"name":"postcode","type":"Integer","title":"Postcode","description":"Postcode.","isDimension":false},{"name":"region","type":"String","title":"Region","description":"Region.","isDimension":false},{"name":"suburb","type":"String","title":"SUBURB","description":"suburb","isDimension":false},{"name":"the_geom","type":"Geometry","title":"Geoemtry Field.","description":"Geometry field.","isDimension":false},{"name":"type","type":"String","title":"TYPE","description":"type","isDimension":false}],"filter":{"filterType":"tabular","spatial":{"bbox":[140.961681984,-39.1591895275,149.976679008,-33.9806475865]},"states":["2"]}}